ManufacturerId,Model,YearMin,YearMax,Crew,Pax,Airworthiness,GearType,EngineCount,OPW,RiskGroup,HullMod,LiabilityMod,UderwriterLevel
657,CHINOOK (EXP),1980,2013,1,1,13,11,1,1,1,0,0,1
658,BABY ACE (EXP),1960,2013,1,0,13,11,1,1,1,0,0,1
658,JUNIOR ACE (EXP),1960,2013,1,1,13,11,1,1,1,0,0,1
659,CUBY I (EXP),1960,2013,1,0,13,11,1,1,1,0,0,1
659,CUBY II (EXP),1960,2013,1,1,13,11,1,1,1,0,0,1
660,I (EXP),1960,2013,1,0,13,11,1,1,1,0,0,1
660,II (EXP),1960,2013,1,1,13,11,1,1,1,0,0,1
660,NESMITH COUGAR (EXP),1960,2013,1,1,13,11,1,1,1,0,0,1
660,POBER JR. ACE (EXP),1960,2013,1,1,13,11,1,1,1,0,0,1
660,POBER SUPER ACE (EXP),1960,2013,1,0,13,11,1,1,1,0,0,1
661,FALCON,1970,2000,1,0,10,14,1,1,1,0.2,0.2,1
661,SPRIT,1990,2000,1,0,10,14,1,1,1,0.2,0.2,1
662,PEGASO M-100S,1938,2000,1,0,10,14,1,1,1,0.2,0.2,1
663,PULSAR II (EXP),1960,2013,1,1,13,10,1,1,1,0,0,1
664,AVENTURA 2 (EXP),1995,2013,1,1,13,18,1,1,1,0,0,1
665,ZUNI,1940,2000,1,0,10,14,1,1,1,0.2,0.2,1
666,AMT-100 XIMANGO,1987,2009,1,1,10,14,1,1,1,0.2,0.2,1
666,AMT-200 XIMANGO,1989,2009,1,1,10,14,1,1,1,0.2,0.2,1
666,AMT-300 XIMANGO,2000,2009,1,1,10,14,1,1,1,0.2,0.2,1
667,11,1939,1950,1,1,10,11,1,7,1,0,0,1
667,15,1947,1951,1,3,10,11,1,7,1,0,0,1
667,65,1936,1946,1,1,10,11,1,7,1,0,0,1
667,7,1940,1959,1,1,10,11,1,7,1,0,0,1
667,C3,1931,1937,1,1,10,11,1,7,1,0,0,1
667,L3,1940,1945,1,1,10,11,1,7,1,0,0,1
668,AEROTREK A220 TW (SLSA),2004,2013,1,1,22,11,1,3,1,0,0,1
668,AEROTREK A240 TRI (SLSA),2004,2013,1,1,22,10,1,2,1,0,0,1
668,EUROFOX TRI(SLSA),1980,2013,1,1,22,10,1,2,1,0,0,1
669,313B ALOUETTE II,1957,1963,1,4,10,19,1,22,1,0.35,0.35,1
669,315B LAMA,1972,1989,1,4,10,19,1,22,1,0,0,1
669,316B/319B ALOUETTE III,1970,1976,1,6,10,19,1,23,1,0.35,0.35,1
669,318C ALOUETTE II,1970,1975,1,4,10,19,1,22,1,0,0,1
669,318C ALOUETTE II,1964,1969,1,4,10,19,1,22,1,0.35,0.35,1
669,341G GAZELLE,1972,1978,1,4,10,19,1,22,1,0,0,1
670,WT9 DYNAMIC TRI (SLSA),1980,2013,1,1,22,10,1,2,1,0,0,1
671,BREEZER TRI (SLSA),2000,2013,1,1,22,10,1,2,1,0,0,1
671,C42 IKARUS TRI (SLSA),2000,2013,1,1,22,10,1,2,1,0,0,1
672,FESTIVAL TRI(SLSA),1980,2013,1,1,22,10,1,2,1,0,0,1
673,VIVAT L-13,1940,2000,1,1,10,14,1,1,1,0.2,0.2,1
673,Z-226T (EXP),1960,2013,1,1,13,11,1,1,1,0,0,1
674,A220 TW (SLSA),2006,2012,1,1,22,11,1,2,1,0,0,1
674,A240 TRI (SLSA),2006,2012,1,1,22,10,1,2,1,0,0,1
675,A109,1976,1987,1,7,10,19,1,23,1,0.2,0.2,1
675,A109,1988,1996,1,7,10,19,1,23,1,0.2,0.2,1
675,A109,1997,2004,1,7,10,19,1,23,1,0.2,0.2,1
676,18A,1960,1975,1,1,10,19,1,1,1,0,0,1
677,COMMANDER 2 SEAT (EXP),1960,2013,1,1,13,19,1,1,1,0,0,1
677,COMMANDER ELITE (EXP),1960,2013,1,0,13,19,1,1,1,0,0,1
678,F-1,1937,1967,1,1,10,10,1,4,1,0,0,1
678,F-1 / A2 / 415,1937,1967,1,1,10,10,1,4,1,0,0,1
679,SPORTSTER (EXP),1960,2013,1,1,13,19,1,1,1,0,0,1
680,DR107 (EXP),1960,2013,1,0,13,11,1,1,1,0.6,0.6,1
680,DR109 (EXP),1960,2013,1,1,13,11,1,1,1,0.6,0.6,1
681,GILES G200 (EXP),1960,2013,1,0,13,11,1,1,1,0.6,0.6,1
681,GILES G202 (EXP),1960,2013,1,1,13,11,1,1,1,0.6,0.6,1
682,APIS M (MOTOR),1997,2002,1,0,10,14,1,1,1,0.2,0.2,1
682,APIS WR/15M,1997,2002,1,0,10,14,1,1,1,0.2,0.2,1
683,SILENT,1994,2002,1,0,10,14,1,1,1,0.2,0.2,1
683,SILENT - IN,1996,2003,1,0,10,14,1,1,1,0.2,0.2,1
683,SILENT 2,2003,2009,1,0,10,14,1,1,1,0.2,0.2,1
684,SZD 51-1 JUNIOR,1990,2004,1,0,10,14,1,1,1,0.2,0.2,1
685,A2,1937,1967,1,1,10,10,1,4,1,0,0,1
686,TST 10,2000,2009,1,0,10,14,1,1,1,0.2,0.2,1
687,ALTO 100 TRI (SLSA),2008,2012,1,1,22,10,1,2,1,0,0,1
688,ALARUS CH2000,1995,2004,1,1,10,10,1,4,1,0,0,1
688,ALARUS CH2000,2005,2011,1,1,10,10,1,4,1,0,0,1
688,CH 601 TRI (SLSA),2005,2012,1,1,22,10,1,2,1,0,0,1
688,ZODIAC 650LS/I TRI(SLSA),2008,2012,1,1,22,10,1,2,1,0,0,1
689,FALCON,1939,2000,1,0,10,14,1,1,1,0.2,0.2,1
689,SPIRIT,1939,2003,1,0,10,14,1,1,1,0.2,0.2,1
690,SPARROWHAWK (EXP),1990,2013,1,1,13,19,1,1,1,0,0,1
691,230,1928,1931,1,1,10,11,1,7,1,0,0,1
692,AA1 TW,1968,1978,1,1,10,11,1,7,1,0,0,1
692,AA1/TR2,1969,1978,1,1,10,10,1,4,1,0,0,1
692,AA5,1969,1979,1,3,10,10,1,4,1,-0.1,-0.1,1
692,AG5B TIGER,1990,1993,1,3,10,10,1,4,1,-0.1,-0.1,1
692,AG5B TIGER,1994,2009,1,3,10,10,1,4,1,0,0,1
692,GA7,1978,1979,1,3,10,12,1,14,1,0,0,1
693,AL11C-100 LEGEND CUB,2005,2011,1,1,10,11,1,7,1,0,0,1
693,AL11J-100 LEGENDCUB TW(SLSA),2005,2012,1,1,22,11,1,3,1,0,0,1
693,AL3C-100 TW(SLSA),2005,2012,1,1,22,11,1,3,1,0,0,1
693,TEXAS SPORT (EXP),2005,2013,1,1,13,11,1,7,1,0,0,1
694,ANGEL 44,2004,2009,1,7,10,12,1,15,1,0,0,1
695,SPACEWALKER (EXP),1960,2013,1,1,13,11,1,1,1,0,0,1
696,13 METER,2000,2009,1,0,10,14,1,1,1,0.2,0.2,1
697,FOX TRI(SLSA),1980,2012,1,1,22,10,1,2,1,0,0,1
698,ZUNI,1938,1998,1,0,10,14,1,1,1,0.2,0.2,1
698,ZUNI I,1935,2000,1,0,10,14,1,1,1,0.2,0.2,1
698,ZUNI II,1970,2000,1,0,10,14,1,1,1,0.2,0.2,1
699,LIGHTNING (EXP),1990,2013,1,1,13,10,1,1,1,0,0,1
699,LIGHTNING LS-1 TRI(SLSA),2004,2012,1,1,22,10,1,2,1,0,0,1
700,SISU 1A,1960,2000,1,0,10,14,1,1,1,0.2,0.2,1
701,FAETA,2002,2009,1,1,10,10,1,4,1,0,0,1
702,AOP MK6 (EXP),1960,2013,1,1,13,10,1,1,1,0,0,1
703,HUSKY,1988,2011,1,1,10,11,1,8,1,0.15,0.15,1
703,PITTS 12 (EXP),1960,2013,1,1,13,11,1,1,1,0.6,0.6,1
703,PITTS S-1,1973,2013,1,0,10,11,1,1,1,0.6,0.6,1
703,PITTS S-1 (EXP),1960,2013,1,0,13,11,1,1,1,0.6,0.6,1
703,PITTS S-2,1971,2013,1,1,10,11,1,9,1,0.6,0.6,1
703,PITTS S-2 (EXP),1960,2013,1,1,13,11,1,1,1,0.6,0.6,1
704,BANDIT  TW(EXP),1960,2013,1,1,13,11,1,7,1,0,0,1
704,CATALINA (EXP),1960,2013,1,1,13,18,1,1,1,0,0,1
704,FLYER TRI (EXP),1960,2013,1,1,13,10,1,3,1,0,0,1
704,FLYER TW (EXP),1960,2013,1,1,13,11,1,7,1,0,0,1
704,MAGNUM TW (EXP),1960,2013,1,1,13,11,1,7,1,0,0,1
704,MARK IV FTRI (EXP),1960,2013,1,1,13,10,1,3,1,0,0,1
704,MARK IV FTW (EXP),1960,2013,1,1,13,11,1,7,1,0,0,1
705,ROBIN 2160,1970,1980,1,1,10,10,1,5,1,0.35,0.35,1
706,CAP 10B,1970,1990,1,0,10,11,1,1,1,0.6,0.6,1
707,FK-9 MK IV TRI(SLSA),1990,2012,1,1,22,10,1,2,1,0,0,1
708,MACKEY SQ2,2005,2013,1,1,13,11,1,1,1,0.15,0.15,1
708,SUPER CRUISER (2 SEAT),2005,2013,1,1,13,11,1,1,1,0,0,1
708,SUPER CRUISER (3 SEAT),2005,2013,1,2,13,11,1,1,1,0,0,1
708,SUPER CUB,2005,2013,1,1,13,11,1,1,1,0,0,1
709,DUCE (EXP),1960,2013,1,1,13,11,1,1,1,0.35,0.35,1
710,J-4 AUTOGYRO (EXP),1960,2013,1,1,13,19,1,1,1,0,0,1
711,B121 PUP 150,1968,1975,1,3,10,10,1,4,1,0,0,1
712,BEARHAWK (EXP),1960,2013,1,3,13,11,1,1,1,0.2,0.2,1
713,17,1932,1949,1,4,10,13,1,11,1,0.25,0.25,1
713,18,1937,1966,1,8,10,13,1,16,1,0.6,0.6,1
713,19,1966,1979,1,3,10,10,1,4,1,-0.1,-0.1,1
713,23,1962,1972,1,3,10,10,1,4,1,-0.1,-0.1,1
713,23,1973,1983,1,3,10,10,1,4,1,-0.1,-0.1,1
713,23-24 III/SUPER III,1966,1969,1,5,10,10,1,5,1,0,0,1
713,24R,1970,1979,1,5,10,12,1,11,1,0,0,1
713,24R,1980,1983,1,5,10,12,1,11,1,0,0,1
713,33,1960,1964,1,3,10,12,1,11,1,0.1,0.1,1
713,33,1965,1970,1,4,10,12,1,11,1,0.1,0.1,1
713,33,1971,1979,1,5,10,12,1,11,1,0.1,0.1,1
713,33,1980,1989,1,5,10,12,1,11,1,0.1,0.1,1
713,33,1990,1994,1,5,10,12,1,11,1,0.1,0.1,1
713,35,1947,1959,1,3,10,12,1,11,1,0.1,0.1,1
713,35,1960,1963,1,4,10,12,1,11,1,0.1,0.1,1
713,35,1964,1969,1,5,10,12,1,11,1,0.1,0.1,1
713,35,1970,1974,1,5,10,12,1,11,1,0.1,0.1,1
713,35,1975,1982,1,5,10,12,1,11,1,0.1,0.1,1
713,36,1968,1969,1,5,10,12,1,11,1,0.1,0.1,1
713,36,1970,1979,1,5,10,12,1,11,1,0.1,0.1,1
713,36,1980,1984,1,5,10,12,1,11,1,0.1,0.1,1
713,36,1985,1989,1,5,10,12,1,11,1,0.1,0.1,1
713,36,1990,1994,1,5,10,12,1,11,1,0.1,0.1,1
713,36,1995,1999,1,5,10,12,1,11,1,0.1,0.1,1
713,36,2000,2004,1,5,10,12,1,11,1,0.1,0.1,1
713,36,2005,2009,1,5,10,12,1,11,1,0.1,0.1,1
713,36,2010,2012,1,5,10,12,1,11,1,0.1,0.1,1
713,50,1952,1957,1,5,10,12,1,15,1,0,0,1
713,50,1958,1962,1,6,10,12,1,15,1,0,0,1
713,55,1961,1969,1,5,10,12,1,15,1,0,0,1
713,55,1970,1976,1,5,10,12,1,15,1,0,0,1
713,55,1977,1982,1,5,10,12,1,15,1,0,0,1
713,56,1967,1970,1,5,10,12,1,15,1,0,0,1
713,58,1970,1979,1,5,10,12,1,15,1,0,0,1
713,58,1980,1984,1,5,10,12,1,15,1,0,0,1
713,58,1985,1989,1,5,10,12,1,15,1,0,0,1
713,58,1990,1994,1,5,10,12,1,15,1,0,0,1
713,58,1995,1999,1,5,10,12,1,15,1,0,0,1
713,58,2000,2004,1,5,10,12,1,15,1,0,0,1
713,58,2005,2009,1,5,10,12,1,15,1,0,0,1
713,58,2010,2012,1,6,10,12,1,15,1,0,0,1
713,58 PRES,1975,1979,1,5,10,12,1,16,1,0,0,1
713,58 PRES,1980,1984,1,5,10,12,1,16,1,0,0,1
713,58 PRES,1985,1986,1,5,10,12,1,16,1,0,0,1
713,60,1968,1974,1,5,10,12,1,16,1,0,0,1
713,60,1975,1982,1,5,10,12,1,16,1,0,0,1
713,65 / 70,1960,1970,1,9,10,12,1,16,1,0,0,1
713,76,1978,1982,1,3,10,12,1,14,1,0,0,1
713,77,1979,1981,1,1,10,10,1,4,1,-0.1,-0.1,1
713,80 / 88,1962,1969,1,9,10,12,1,16,1,0,0,1
713,80 / 88,1970,1979,1,9,10,12,1,16,1,0,0,1
713,95,1957,1959,1,4,10,12,1,14,1,0,0,1
713,95,1960,1968,1,5,10,12,1,14,1,0,0,1
713,KING AIR 200,1974,1978,1,9,10,12,1,20,1,0,0,1
713,KING AIR 200,1979,1982,1,9,10,12,1,20,1,0,0,1
713,KING AIR 200,1983,1989,1,9,10,12,1,20,1,0,0,1
713,KING AIR 200,1990,1994,1,9,10,12,1,20,1,0,0,1
713,KING AIR 90,1965,1966,1,9,10,12,1,20,1,0,0,1
713,KING AIR A/B90,1967,1969,1,9,10,12,1,20,1,0,0,1
713,KING AIR B/C90,1970,1974,1,9,10,12,1,20,1,0,0,1
713,KING AIR C90,1975,1979,1,9,10,12,1,20,1,0,0,1
713,KING AIR C90,1980,1984,1,9,10,12,1,20,1,0,0,1
713,KING AIR C90,1985,1989,1,9,10,12,1,20,1,0,0,1
713,KING AIR C90,1990,1994,1,9,10,12,1,20,1,0,0,1
713,KING AIR C90,1995,1999,1,9,10,12,1,20,1,0,0,1
713,KING AIR C90,2000,2004,1,9,10,12,1,20,1,0,0,1
713,KING AIR C90,2005,2009,1,9,10,12,1,20,1,0,0,1
713,KING AIR C90,2010,2011,1,9,10,12,1,20,1,0,0,1
713,KING AIR C90SE,1995,2000,1,9,10,12,1,20,1,0,0,1
713,KING AIR E90,1972,1976,1,9,10,12,1,20,1,0,0,1
713,KING AIR E90,1977,1981,1,9,10,12,1,20,1,0,0,1
713,KING AIR F90,1979,1983,1,9,10,12,1,20,1,0,0,1
713,KING AIR F90,1984,1986,1,9,10,12,1,20,1,0,0,1
713,PREMIER 1/1A,2001,2005,2,5,10,12,1,21,1,0,0,1
713,T 34,1949,1965,1,1,10,12,1,11,1,0.5,0.5,1
714,206 L-3,1982,1992,1,6,10,19,1,23,1,0,0,1
714,206 L-4,1993,2008,1,6,10,19,1,23,1,0,0,1
714,206A,1966,1971,1,4,10,19,1,22,1,0,0,1
714,206B,1972,1977,1,4,10,19,1,22,1,0,0,1
714,206B,1978,2000,1,4,10,19,1,22,1,0,0,1
714,206B,2001,2009,1,4,10,19,1,22,1,0,0,1
714,206L LONG RANGER,1975,1983,1,6,10,19,1,23,1,0,0,1
714,222,1980,1987,1,9,10,19,1,23,1,0.2,0.2,1
714,222 UTILITY,1983,1987,1,8,10,19,1,23,1,0,0,1
714,230,1992,1995,1,9,10,19,1,23,1,0.35,0.35,1
714,407,1996,2009,1,6,10,19,1,23,1,0,0,1
714,47,1946,1976,1,2,10,19,1,17,1,0,0,1
715,14-13 / 14-19 TW,1939,1959,1,3,10,11,1,8,1,0.35,0.35,1
715,14-19 RTRI,1957,1968,1,3,10,12,1,11,1,0.35,0.35,1
715,ARIES T-250,1977,1985,1,3,10,12,1,11,1,2.1,2.1,1
715,CH-200/300/400 SKYROCKET,1929,1935,1,5,10,11,1,9,1,0.35,0.35,1
715,VIKING 17-30-31,1966,1969,1,3,10,12,1,11,1,0.25,0.25,1
715,VIKING 17-30-31,1970,1975,1,3,10,12,1,11,1,0.25,0.25,1
715,VIKING 17-30-31,1976,1980,1,3,10,12,1,11,1,0.25,0.25,1
715,VIKING 17-30-31,1984,1989,1,3,10,12,1,11,1,0.25,0.25,1
715,VIKING 17-30-31,1990,1994,1,3,10,12,1,11,1,0.25,0.25,1
715,VIKING 17-30-31,1995,1999,1,3,10,12,1,11,1,0.25,0.25,1
715,VIKING 17-30-31,2000,2001,1,3,10,12,1,11,1,0.25,0.25,1
716,C-70 CONCE,1970,1998,1,0,10,14,1,1,1,0.2,0.2,1
717,SKY CRUISER TRI(SLSA),1990,2012,1,1,22,10,1,2,1,0.25,0.25,1
718,CK/BW,1931,1936,1,2,10,11,1,8,1,0,0,1
719,BK1 TW (EXP),1960,2013,1,0,13,11,1,1,1,0,0,1
719,BKI TRI (EXP),1960,2013,1,0,13,10,1,1,1,0,0,1
720,40,1928,1934,1,4,10,11,1,1,1,0.6,0.6,1
720,STEARMAN MDL 4,1928,1947,1,2,10,11,1,8,1,0.35,0.35,1
720,STEARMAN MDL 75,1928,1947,1,1,10,11,1,8,1,0.35,0.35,1
721,PHOEBUS A,1938,1998,1,0,10,14,1,1,1,0.2,0.2,1
721,PHOEBUS B,1938,1998,1,0,10,14,1,1,1,0.2,0.2,1
721,PHOEBUS C,1938,1998,1,0,10,14,1,1,1,0.2,0.2,1
722,FLY BABY (EXP),1950,2013,1,0,13,11,1,1,1,0,0,1
723,BA-100,1937,1960,1,0,10,14,1,1,1,0.2,0.2,1
724,HB23/2400,1985,1990,1,1,10,14,1,1,1,0.2,0.2,1
725,BG-12,1950,1998,1,0,10,14,1,1,1,0.2,0.2,1
726,HP-14,1938,1999,1,0,10,14,1,1,1,0.2,0.2,1
727,131 JUNGMAN (EXP),1935,1963,1,1,13,11,1,1,1,0.35,0.35,1
727,133 JUNGMEISTER (EXP),1935,1963,1,0,13,11,1,1,1,0.35,0.35,1
727,180 STUDENT,1937,1942,1,1,10,11,1,1,1,0.35,0.35,1
727,181 BESTMANN (EXP),1939,1955,1,1,13,11,1,1,1,0.35,0.35,1
728,BARRACUDA (EXP),1975,2013,1,1,13,12,1,1,1,0,0,1
729,BUSHCADDY TW(SLSA),1990,2012,1,1,22,11,1,3,1,0,0,1
729,L160 2+1 (EXP),1990,2013,1,2,13,11,1,1,1,0,0,1
729,L162 2+2 (EXP),1990,2013,1,3,13,11,1,1,1,0,0,1
729,L164 (EXP),1990,2013,1,3,13,11,1,1,1,0,0,1
729,R120 (EXP),1990,2013,1,1,13,11,1,1,1,0,0,1
729,R80 (EXP),1990,2013,1,1,13,11,1,1,1,0,0,1
730,GOLDEN BUTTERFLY (EXP),1960,2013,1,1,13,19,1,1,1,0,0,1
730,MONARCH (EXP),1960,2013,1,0,13,19,1,1,1,0,0,1
731,#1,1935,1999,1,0,10,14,1,1,1,0.2,0.2,1
732,A21SJ,1970,2000,1,0,10,14,1,1,1,0.2,0.2,1
732,A21SL,1970,2000,1,1,10,14,1,1,1,0.2,0.2,1
733,SPECIAL (EXP),1960,2013,1,0,13,11,1,1,1,0.6,0.6,1
734,ASW-20F,1950,1998,1,0,10,14,1,1,1,0.2,0.2,1
734,PEGASE 101,1960,1998,1,0,10,14,1,1,1,0.2,0.2,1
735,177,1968,1968,1,3,10,10,1,4,1,0.25,0.25,1
735,182,2010,2012,1,3,10,10,1,5,1,0,0,1
735,120,1946,1950,1,1,10,11,1,7,1,0,0,1
735,140,1946,1951,1,1,10,11,1,7,1,0,0,1
735,150,1958,1977,1,1,10,10,1,4,1,-0.1,-0.1,1
735,150 TW,1959,1977,1,1,10,11,1,7,1,0,0,1
735,152,1977,1986,1,1,10,10,1,4,1,-0.1,-0.1,1
735,152 TW,1978,1986,1,1,10,11,1,7,1,0,0,1
735,162,2009,2012,1,1,22,10,1,2,1,0,0,1
735,170,1948,1956,1,3,10,11,1,7,1,0,0,1
735,172,1955,1969,1,3,10,10,1,4,1,-0.1,-0.1,1
735,172,1970,1979,1,3,10,10,1,4,1,-0.1,-0.1,1
735,172,1980,1989,1,3,10,10,1,4,1,-0.1,-0.1,1
735,172,1990,1999,1,3,10,10,1,4,1,-0.1,-0.1,1
735,172,2000,2004,1,3,10,10,1,4,1,-0.1,-0.1,1
735,172,2005,2009,1,3,10,10,1,4,1,0,0,1
735,172,2010,2012,1,3,10,10,1,4,1,0,0,1
735,172 RG,1979,1985,1,3,10,12,1,10,1,0,0,1
735,172 TW,1955,1969,1,3,10,11,1,7,1,0,0,1
735,172 TW,1970,1979,1,3,10,11,1,7,1,0,0,1
735,172 TW,1980,1989,1,3,10,11,1,7,1,0,0,1
735,172 TW,1990,1999,1,3,10,11,1,7,1,0,0,1
735,172 XP,1977,1981,1,3,10,10,1,4,1,0,0,1
735,175,1958,1963,1,3,10,10,1,4,1,0,0,1
735,175 TW,1958,1963,1,3,10,11,1,7,1,0,0,1
735,177,1969,1973,1,3,10,10,1,4,1,-0.1,-0.1,1
735,177,1974,1978,1,3,10,10,1,4,1,-0.1,-0.1,1
735,177RG,1971,1978,1,3,10,12,1,10,1,0,0,1
735,180,1953,1959,1,3,10,11,1,8,1,0.2,0.2,1
735,180,1960,1964,1,3,10,11,1,8,1,0.2,0.2,1
735,180,1965,1969,1,5,10,11,1,8,1,0.2,0.2,1
735,180,1970,1974,1,5,10,11,1,8,1,0.2,0.2,1
735,180,1975,1981,1,5,10,11,1,8,1,0.2,0.2,1
735,182,1956,1959,1,3,10,10,1,5,1,-0.1,-0.1,1
735,182,1960,1969,1,3,10,10,1,5,1,-0.1,-0.1,1
735,182,1970,1979,1,3,10,10,1,5,1,-0.1,-0.1,1
735,182,1980,1989,1,3,10,10,1,5,1,-0.1,-0.1,1
735,182,1990,1999,1,3,10,10,1,5,1,-0.1,-0.1,1
735,182,2000,2004,1,3,10,10,1,5,1,0,0,1
735,182,2005,2009,1,3,10,10,1,5,1,0,0,1
735,182 RG,1978,1982,1,3,10,12,1,11,1,0,0,1
735,182 RG,1983,1986,1,3,10,12,1,11,1,0,0,1
735,182 TW,1956,1969,1,3,10,11,1,8,1,0,0,1
735,185,1961,1969,1,5,10,11,1,8,1,0.25,0.25,1
735,185,1970,1979,1,5,10,11,1,8,1,0.25,0.25,1
735,185,1980,1985,1,5,10,11,1,8,1,0.25,0.25,1
735,190 / 195,1947,1953,1,4,10,11,1,9,1,0.25,0.25,1
735,205,1962,1964,1,5,10,10,1,6,1,0.1,0.1,1
735,206,1964,1969,1,5,10,10,1,6,1,0.1,0.1,1
735,206,1970,1979,1,5,10,10,1,6,1,0.1,0.1,1
735,206,1980,1986,1,5,10,10,1,6,1,0.1,0.1,1
735,206,1998,2004,1,5,10,10,1,6,1,0.1,0.1,1
735,206,2005,2009,1,5,10,10,1,6,1,0.1,0.1,1
735,206,2010,2012,1,5,10,10,1,6,1,0.1,0.1,1
735,207,1969,1979,1,7,10,10,1,6,1,0.1,0.1,1
735,207,1980,1984,1,7,10,10,1,6,1,0.1,0.1,1
735,208,1985,1993,1,9,10,10,1,19,1,0,0,1
735,208,1994,2000,1,9,10,10,1,19,1,0,0,1
735,208,2001,2005,1,9,10,10,1,19,1,0,0,1
735,208,2006,2009,1,9,10,10,1,19,1,0,0,1
735,208,2010,2011,1,9,10,10,1,19,1,0,0,1
735,210,1960,1963,1,3,10,12,1,11,1,0.75,0.75,1
735,210,1964,1969,1,5,10,12,1,11,1,0.75,0.75,1
735,210,1970,1979,1,5,10,12,1,11,1,0.75,0.75,1
735,210,1980,1986,1,5,10,12,1,11,1,0.75,0.75,1
735,210 PRES,1978,1983,1,5,10,12,1,11,1,0.75,0.75,1
735,210 PRES,1984,1986,1,5,10,12,1,11,1,0.75,0.75,1
735,210 TURBOPROP,1966,1976,1,5,10,12,1,19,1,0,0,1
735,210 TURBOPROP,1977,1986,1,5,10,12,1,19,1,0,0,1
735,300 LC-40 (COLUMBIA),2000,2003,1,3,10,10,1,6,1,0.1,0.1,1
735,303,1981,1984,1,5,10,12,1,14,1,0,0,1
735,305 BIRDDOG / ECTOR,1950,2009,1,1,10,11,1,8,1,0,0,1
735,310,1954,1962,1,4,10,12,1,15,1,0,0,1
735,310,1963,1969,1,5,10,12,1,15,1,0,0,1
735,310,1970,1975,1,5,10,12,1,15,1,0,0,1
735,310,1976,1981,1,5,10,12,1,15,1,0,0,1
735,320,1961,1968,1,5,10,12,1,15,1,0,0,1
735,335,1979,1981,1,5,10,12,1,15,1,0,0,1
735,336,1963,1964,1,5,10,10,1,14,1,0.35,0.35,1
735,337,1965,1969,1,5,10,12,1,14,1,0.25,0.25,1
735,337,1970,1980,1,5,10,12,1,14,1,0.25,0.25,1
735,337 PRES,1973,1980,1,4,10,12,1,16,1,0.25,0.25,1
735,34 AIRMASTER,1935,1941,1,3,10,11,1,8,1,0,0,1
735,340,1972,1979,1,5,10,12,1,16,1,0,0,1
735,340,1980,1984,1,5,10,12,1,16,1,0,0,1
735,350 LC-42,2007,2009,1,3,10,10,1,6,1,0.1,0.1,1
735,350 LC-42,2010,2013,1,3,10,10,1,5,1,0.1,0.1,1
735,400 LC-41,2007,2009,1,3,10,10,1,6,1,0.1,0.1,1
735,400 LC-41,2010,2013,1,3,10,10,1,6,1,0.1,0.1,1
735,401,1967,1972,1,7,10,12,1,15,1,0,0,1
735,402,1967,1969,1,8,10,12,1,15,1,0,0,1
735,402,1970,1974,1,9,10,12,1,15,1,0,0,1
735,402,1975,1979,1,9,10,12,1,15,1,0,0,1
735,402,1980,1985,1,9,10,12,1,15,1,0,0,1
735,404,1977,1981,1,9,10,12,1,15,1,0,0,1
735,414,1970,1977,1,6,10,12,1,16,1,0,0,1
735,414A,1978,1985,1,7,10,12,1,16,1,0,0,1
735,421,1968,1969,1,6,10,12,1,16,1,0,0,1
735,421,1970,1974,1,7,10,12,1,16,1,0,0,1
735,421,1975,1979,1,7,10,12,1,16,1,0,0,1
735,421,1980,1985,1,7,10,12,1,16,1,0,0,1
735,425 CORSAIR / CONQUEST I,1981,1986,1,7,10,12,1,20,1,0,0,1
735,441 CONQUEST II,1978,1986,1,9,10,12,1,20,1,0,0,1
735,CITATION 500,1975,1976,1,7,10,12,1,21,1,0,0,1
735,CITATION BRAVO,1997,2006,2,7,10,12,1,21,1,0,0,1
735,CITATION CJ1 525,2000,2008,2,6,10,12,1,21,1,0,0,1
735,CITATION CJ2 525A,2000,2003,2,6,10,12,1,21,1,0,0,1
735,CITATION I/SP,1977,1981,1,7,10,12,1,21,1,0,0,1
735,CITATION I/SP,1982,1985,1,7,10,12,1,21,1,0,0,1
735,CITATION MUSTANG,2006,2011,1,5,10,12,1,21,1,0,0,1
735,CITATIONJET 525,1993,1999,2,6,10,12,1,21,1,0,0,1
735,T-50,1942,1944,1,4,10,13,1,15,1,0.6,0.6,1
736,7ACA,1947,1972,1,1,10,11,1,7,1,0,0,1
736,7EC,1946,1963,1,1,10,11,1,7,1,0,0,1
736,7ECA,1964,1970,1,1,10,11,1,7,1,0,0,1
736,7ECA,1971,1984,1,1,10,11,1,7,1,0,0,1
736,7ECA,1995,2003,1,1,10,11,1,7,1,0,0,1
736,7FC,1957,1962,1,1,10,10,1,4,1,0,0,1
736,7GC / KC,1959,1969,1,1,10,11,1,8,1,0,0,1
736,7GC / KC,1970,1984,1,1,10,11,1,8,1,0,0,1
736,7GC / KC,1994,2009,1,1,10,11,1,8,1,0,0,1
736,7GC / KC,2010,2012,1,1,10,11,1,8,1,0,0,1
736,8GC / KC,1971,1984,1,1,10,11,1,8,1,0,0,1
736,8GC / KC,1991,2009,1,1,10,11,1,8,1,0,0,1
736,8GC / KC,2010,2012,1,1,10,11,1,8,1,0,0,1
737,SYCAMORE MK1 (EXP),1960,2013,1,1,13,19,1,1,1,0,0,1
737,SYCAMORE MKII (EXP),1960,2013,1,1,13,19,1,1,1,0,0,1
738,II,1950,2000,1,0,10,14,1,1,1,0.2,0.2,1
739,MK 1 (EXP),1980,2013,1,1,13,11,1,1,1,0,0,1
739,MK 4 (EXP),1980,2013,1,3,13,11,1,1,1,0,0,1
740,EAGLE (EXP),1960,2013,1,1,13,11,1,1,1,0.6,0.6,1
741,SR20,1999,2004,1,3,10,10,1,5,1,0.35,0.35,1
741,SR20,2005,2009,1,3,10,10,1,5,1,0.35,0.35,1
741,SR20,2010,2012,1,3,10,10,1,5,1,0.35,0.35,1
741,SR22,2001,2004,1,3,10,10,1,6,1,0.75,0.75,1
741,SR22,2005,2009,1,3,10,10,1,6,1,0.75,0.75,1
741,SR22,2010,2011,1,3,10,10,1,6,1,0.75,0.75,1
741,SR22,2012,2012,1,4,10,10,1,6,1,0.75,0.75,1
742,S-18 TW (EXP),1990,2013,1,1,13,11,1,1,1,0,0,1
742,T-18 TRI (EXP),1990,2013,1,1,13,10,1,1,1,0,0,1
743,300,2000,2003,1,3,10,10,1,5,1,0.1,0.1,1
743,350,2002,2007,1,3,10,10,1,6,1,0.1,0.1,1
743,400,2003,2007,1,3,10,10,1,6,1,0.1,0.1,1
744,S100 FREEDOM SEA(SLSA),2000,2012,1,1,22,18,1,1,1,0,0,1
745,5C3/C3C-T,1929,1929,1,2,10,11,1,8,1,0,0,1
746,112,1972,1979,1,3,10,12,1,10,1,0,0,1
746,112TC,1976,1979,1,3,10,12,1,10,1,0,0,1
746,114,1976,1979,1,3,10,12,1,11,1,0,0,1
746,114,1992,1995,1,3,10,12,1,11,1,0,0,1
746,114,1996,2000,1,3,10,12,1,11,1,0,0,1
746,114TC,1995,2001,1,3,10,12,1,11,1,0,0,1
746,115/115TC,1999,2003,1,3,10,12,1,11,1,0,0,1
747,MARK III (EXP),1960,2013,1,2,13,12,1,1,1,0,0,1
747,MARK IV (EXP),1960,2013,1,3,13,12,1,1,1,0,0,1
748,CARBON CUB EX TW (EXP),2008,2013,1,1,13,11,1,1,1,0,0,1
748,CARBON CUB SS TW (SLSA),2008,2013,1,1,22,11,1,7,1,0,0,1
748,SPORT CUB,2005,2013,1,1,10,11,1,3,1,0,0,1
748,SPORT CUB (EXP),1960,2013,1,1,13,11,1,1,1,0,0,1
748,SPORT CUB S2 TW (SLSA),2008,2013,1,1,22,11,1,3,1,0,0,1
748,TOP CUB,2005,2013,1,1,10,11,1,8,1,0,0,1
749,CADET/PQ-14,1938,1946,1,0,10,12,1,10,1,0.2,0.2,1
749,LCA,1940,1942,1,1,10,13,1,12,1,0.2,0.2,1
749,V,1942,1949,1,1,10,13,1,12,1,0.2,0.2,1
750,JN4,1918,1918,1,1,10,11,1,1,1,0.6,0.6,1
750,ROBIN,1928,1955,1,2,10,11,1,1,1,0.5,0.5,1
751,19/23,1925,1950,1,1,10,11,1,8,1,0.5,0.5,1
752,NORTHSTAR (EXP),1960,2013,1,1,13,11,1,1,1,0,0,1
753,M200,1964,2000,1,1,10,14,1,1,1,0.2,0.2,1
754,180 (EXP),1960,2013,1,3,13,11,1,1,1,0.35,0.35,1
755,MERMAID SEA(SLSA),2000,2012,1,1,22,18,1,1,1,0.2,0.2,1
755,PARROT TRI(SLSA),2000,2006,1,1,22,10,1,2,1,0.2,0.2,1
755,PARROT TRI(SLSA),2007,2012,1,1,22,10,1,2,1,0.2,0.2,1
755,SPORT CRUISER TRI(SLSA),2000,2006,1,1,22,10,1,2,1,0.2,0.2,1
755,SPORT CRUISER TRI(SLSA),2007,2012,1,1,22,10,1,2,1,0.2,0.2,1
756,SD1A (EXP),1960,2013,1,1,13,11,1,1,1,0,0,1
757,FALCON 10,1975,1980,2,7,10,12,1,21,1,0.6,0.6,1
757,FALCON 10,1981,1990,2,7,10,12,1,21,1,0.6,0.6,1
757,FALCON 20,1975,1990,2,8,10,12,1,21,1,0.6,0.6,1
758,D1-K/W,1929,1935,1,1,10,11,1,8,1,0,0,1
759,DH 82 TIGERMOTH,1920,2001,1,1,10,11,1,7,1,0,0,1
759,DHC-1 CHIPMUNK,1946,1995,1,1,10,11,1,7,1,0,0,1
759,DHC-2 BEAVER,1950,1989,1,5,10,11,1,8,1,0,0,1
760,DG 100,1960,2000,1,0,10,14,1,1,1,0.2,0.2,1
760,DG 1000,2000,2002,1,1,10,14,1,1,1,0.2,0.2,1
760,DG 101,1960,2000,1,0,10,14,1,1,1,0.2,0.2,1
760,DG 200,1960,2000,1,0,10,14,1,1,1,0.2,0.2,1
760,DG 202,1960,2000,1,0,10,14,1,1,1,0.2,0.2,1
760,DG 300 CLUB,1960,2000,1,0,10,14,1,1,1,0.2,0.2,1
760,DG 300 ELAN,1960,2001,1,0,10,14,1,1,1,0.2,0.2,1
760,DG 303,1960,2002,1,0,10,14,1,1,1,0.2,0.2,1
760,DG 400M/17,1980,2000,1,0,10,14,1,1,1,0.2,0.2,1
760,DG 500,1980,2001,1,1,10,14,1,1,1,0.2,0.2,1
760,DG 500M,1980,2009,1,1,10,14,1,1,1,0.2,0.2,1
760,DG 500T,1980,2000,1,1,10,14,1,1,1,0.2,0.2,1
760,DG 505,1980,2002,1,1,10,14,1,1,1,0.2,0.2,1
760,DG 505M,1980,2004,1,1,10,14,1,1,1,0.2,0.2,1
760,DG 600,1980,2000,1,0,10,14,1,1,1,0.2,0.2,1
760,DG 600M,1980,2000,1,0,10,14,1,1,1,0.2,0.2,1
760,DG 800 NON-POWERED,1990,2004,1,0,10,14,1,1,1,0.2,0.2,1
760,DG 800 POWERED,1990,2004,1,0,10,14,1,1,1,0.2,0.2,1
760,DG 808,1970,2004,1,0,10,14,1,1,1,0.2,0.2,1
760,DG 808 POWERED,2000,2009,1,0,10,14,1,1,1,0.2,0.2,1
760,DG-1000,2000,2004,1,1,10,14,1,1,1,0.2,0.2,1
760,DG300,1960,2000,1,0,10,14,1,1,1,0.2,0.2,1
760,DG400,1980,2000,1,0,10,14,1,1,1,0.2,0.2,1
761,DA20,1995,1999,1,1,10,10,1,4,1,-0.1,-0.1,1
761,DA20,2000,2004,1,1,10,10,1,4,1,-0.1,-0.1,1
761,DA20,2005,2009,1,1,10,10,1,4,1,-0.1,-0.1,1
761,DA20,2010,2013,1,1,10,10,1,4,1,0,0,1
761,DA40,2000,2004,1,3,10,10,1,4,1,-0.1,-0.1,1
761,DA40,2005,2009,1,3,10,10,1,4,1,0,0,1
761,DA40,2010,2013,1,3,10,10,1,4,1,0,0,1
761,DA42,2004,2009,1,3,10,12,1,14,1,0,0,1
761,DA42,2010,2010,1,3,10,12,1,14,1,0,0,1
761,DIMONA H 36,1975,2002,1,1,10,14,1,1,1,0.2,0.2,1
761,KATANA XTREME HK 36 TS/TTS,1960,2004,1,1,10,14,1,1,1,0.2,0.2,1
761,SUPER DIMONA HK 36,1938,2000,1,1,10,14,1,1,1,0.2,0.2,1
762,DO 27,1955,1965,1,5,10,11,1,8,1,0,0,1
763,DV-1 SKYLARK TRI(SLSA),2000,2012,1,1,22,10,1,2,1,0,0,1
764,DUSTER,1934,2000,1,0,10,14,1,1,1,0.2,0.2,1
764,HOMEBUILT (EXP),1960,2013,1,0,13,14,1,1,1,0,0,1
765,PW2D,1960,2000,1,0,10,14,1,1,1,0.2,0.2,1
766,WT9 FTRI (EXP),1960,2013,1,1,13,10,1,1,1,0,0,1
766,WT9 RTRI (EXP),1960,2013,1,1,13,12,1,1,1,0,0,1
767,EA-100 TRI(SLSA),2000,2012,1,1,22,10,1,2,1,0,0,1
768,JENNY (EXP),1960,2013,1,1,13,11,1,1,1,0,0,1
769,500,2006,2006,1,5,10,12,1,21,1,0.6,0.6,1
770,C 30S ISSOIRE,1962,1980,1,0,10,14,1,1,1,0.2,0.2,1
771,PIK 16,1960,2000,1,0,10,14,1,1,1,0.2,0.2,1
771,PIK 20,1960,2000,1,0,10,14,1,1,1,0.2,0.2,1
771,PIK 20B,1960,2000,1,0,10,14,1,1,1,0.2,0.2,1
771,PIK 20D,1960,2000,1,0,10,14,1,1,1,0.2,0.2,1
771,PIK 20E,1960,2000,1,0,10,14,1,1,1,0.2,0.2,1
771,PIK 30,1980,2000,1,0,10,14,1,1,1,0.2,0.2,1
772,PHENOM 100,2009,2010,1,5,10,12,1,21,1,0,0,1
773,28/280,1966,1979,1,2,10,19,1,17,1,0,0,1
773,28/280,1980,1989,1,2,10,19,1,17,1,0,0,1
773,28/280,1990,2004,1,2,10,19,1,17,1,0,0,1
773,480,1994,2008,1,4,10,19,1,22,1,0,0,1
774,OLYMPIA IIB,1939,2000,1,0,10,14,1,1,1,0.2,0.2,1
775,415,1937,1967,1,1,10,10,1,4,1,0,0,1
776,VM-1 (EXP),1960,2013,1,1,13,10,1,1,1,0,0,1
777,AS 355,1981,1998,1,5,10,19,1,23,1,0,0,1
777,AS 355N,1993,2008,1,5,10,19,1,23,1,0,0,1
777,AS350,1979,1992,1,5,10,19,1,23,1,0,0,1
777,AS350,1993,2001,1,5,10,19,1,23,1,0,0,1
777,AS350,2002,2010,1,5,10,19,1,23,1,0,0,1
777,AS350D,1978,1989,1,5,10,19,1,23,1,0,0,1
777,EC120,1997,2008,1,4,10,19,1,23,1,0,0,1
778,MOTOR GLIDER,1995,2009,1,1,10,14,1,1,1,0.2,0.2,1
778,TRI-GEAR (EXP),1960,2013,1,1,13,10,1,3,1,0,0,1
778,XS TW (EXP),1960,2013,1,1,13,11,1,7,1,0,0,1
778,XS/MONOWHEEL (EXP),1960,2013,1,1,13,12,1,1,1,0,0,1
779,SPORT STAR TRI(SLSA),2000,2012,1,1,22,10,1,2,1,0,0,1
780,200/300 (EXP),1960,2013,1,1,13,11,1,1,1,0.6,0.6,1
780,230 (EXP),1984,2013,1,0,13,11,1,1,1,0.6,0.6,1
781,22,1930,1940,1,1,10,11,1,7,1,0.3,0.3,1
781,24,1936,1947,1,3,10,11,1,7,1,0.3,0.3,1
781,F-23,1950,1965,1,1,10,11,1,7,1,0,0,1
781,KR-21,1929,1940,1,1,10,11,1,8,1,0,0,1
781,PT19 / 23 / 26 / M62,1930,1944,1,1,10,11,1,1,1,0.25,0.25,1
782,ALLEGRO 2000 TRI(SLSA),2000,2012,1,1,22,10,1,2,1,0,0,1
783,G.46,1946,1950,1,1,10,13,1,12,1,0.45,0.45,1
784,CELEBRITY (EXP),1960,2013,1,1,13,11,1,1,1,0,0,1
784,CLASSIC (EXP),1960,2013,1,1,13,11,1,1,1,0,0,1
784,DAKOTA HAWK (EXP),1960,2013,1,1,13,11,1,1,1,0,0,1
784,FP-404 (EXP),1960,2013,1,0,13,11,1,1,1,0,0,1
784,LIGHTHAWK,2002,2009,1,0,10,14,1,1,1,0.2,0.2,1
784,SUPER KOALA (EXP),1960,2013,1,1,13,11,1,1,1,0,0,1
784,TIGER MOTH R80 (EXP),1960,2013,1,1,13,11,1,1,1,0,0,1
784,YOUNGSTER (EXP),1960,2013,1,0,13,11,1,1,1,0,0,1
785,FK-12 COMET TW(SLSA),2010,2012,1,1,22,11,1,1,1,0.6,0.6,1
785,FK-9 ELA TRI(SLSA),2009,2012,1,1,22,10,1,2,1,0,0,1
785,FK-9 MK IV TRI(SLSA),1990,2012,1,1,22,10,1,2,1,0,0,1
786,HIGHTOW (EXP),1960,2013,1,1,13,11,1,1,1,0,0,1
787,BI PLANE,1929,1941,1,1,10,11,1,8,1,0.35,0.35,1
788,CT TRI(SLSA),2000,2012,1,1,22,10,1,2,1,0,0,1
789,DIAMANT 16/18,1969,1975,1,0,10,14,1,1,1,0.2,0.2,1
790,190 REPLICA (EXP),1960,2013,1,0,13,11,1,1,1,0,0,1
791,149D,1950,1965,1,3,10,12,1,11,1,0.35,0.35,1
792,KRANICH 3,1950,1955,1,1,10,14,1,1,1,0.2,0.2,1
793,DR1 (EXP),1960,2013,1,0,13,11,1,1,1,1.1,1.1,1
794,BUSH HAWK-XP,2000,2007,1,4,10,11,1,8,1,0,0,1
795,FX 210 (EXP),1960,2013,1,3,13,10,1,1,1,1.1,1.1,1
796,RF4,1964,1969,1,0,10,14,1,1,1,0.2,0.2,1
797,A-22 VALOR TRI(SLSA),2000,2012,1,1,22,10,1,2,1,0,0,1
798,GLIDER-B,1942,2009,1,1,10,14,1,1,1,0.2,0.2,1
799,PS-2,1930,2000,1,0,10,14,1,1,1,0.2,0.2,1
800,FJ-1,1960,1975,1,0,10,14,1,1,1,0.2,0.2,1
801,J-6,2000,2001,1,1,10,14,1,1,1,0.2,0.2,1
802,MODEL B,1939,1948,1,1,10,11,1,7,1,0,0,1
803,GP1,1960,2009,1,0,10,14,1,1,1,0.2,0.2,1
804,2,1990,2001,1,0,10,14,1,1,1,0.2,0.2,1
805,GA8,2004,2009,1,7,10,10,1,6,1,0,0,1
806,206 HORNET,1960,2000,1,0,10,14,1,1,1,0.2,0.2,1
806,304,1938,2002,1,0,10,14,1,1,1,0.2,0.2,1
806,304C,1990,2009,1,0,10,14,1,1,1,0.2,0.2,1
806,304CZ,1980,2003,1,0,10,14,1,1,1,0.2,0.2,1
806,401 KESTREL,1960,2000,1,0,10,14,1,1,1,0.2,0.2,1
806,604,1970,2000,1,0,10,14,1,1,1,0.2,0.2,1
806,BS-1,1960,2000,1,0,10,14,1,1,1,0.2,0.2,1
806,CLUB LIBELLE 205,1960,2000,1,0,10,14,1,1,1,0.2,0.2,1
806,H-201,1938,2000,1,0,10,14,1,1,1,0.2,0.2,1
806,HORNET,1938,2000,1,0,10,14,1,1,1,0.2,0.2,1
806,LIBELLE H201 STD,1960,2000,1,0,10,14,1,1,1,0.2,0.2,1
806,LIBELLE H201B,1938,2000,1,0,10,14,1,1,1,0.2,0.2,1
806,LIBELLE H301,1960,2000,1,0,10,14,1,1,1,0.2,0.2,1
806,MOSQUITO,1938,2000,1,0,10,14,1,1,1,0.2,0.2,1
806,MOSQUITO 303,1970,2000,1,0,10,14,1,1,1,0.2,0.2,1
807,800XP TRI(SLSA),2008,2012,1,1,22,10,1,2,1,0,0,1
807,G700 TRI(SLSA),2000,2012,1,1,22,10,1,2,1,0,0,1
808,CHIEF,1929,1939,1,1,10,11,1,7,1,0,0,1
809,2T-1,1929,1985,1,1,10,11,1,8,1,0,0,1
809,KITPLANE 1 SEAT (EXP),1960,2013,1,0,13,11,1,1,1,0,0,1
809,KITPLANE 2 SEAT (EXP),1960,2013,1,1,13,11,1,1,1,0,0,1
809,SPORT TRAIN,1973,1980,1,1,10,11,1,8,1,0,0,1
810,102 CLUB IIIB,1960,2000,1,0,10,14,1,1,1,0.2,0.2,1
810,103,1960,2000,1,1,10,14,1,1,1,0.2,0.2,1
810,103-III,1960,2000,1,0,10,14,1,1,1,0.2,0.2,1
810,115C,1985,2000,1,1,10,10,1,4,1,0,0,1
810,ASTIR,1960,2000,1,0,10,14,1,1,1,0.2,0.2,1
810,ASTIR CS,1960,2000,1,0,10,14,1,1,1,0.2,0.2,1
810,BG 103C TWIN III ACR,1960,2000,1,1,10,14,1,1,1,0.2,0.2,1
810,G-102 ASTIR,1960,2000,1,0,10,14,1,1,1,0.2,0.2,1
810,G-102 ASTIR CS,1960,2000,1,0,10,14,1,1,1,0.2,0.2,1
810,G-103 TWIN ASTI,1959,2000,1,1,10,14,1,1,1,0.2,0.2,1
810,G-103 TWIN II,1960,2000,1,1,10,14,1,1,1,0.2,0.2,1
810,G-103C TWIN III ACRO,1960,2000,1,1,10,14,1,1,1,0.2,0.2,1
810,G-103C TWIN III SL,1960,2000,1,1,10,14,1,1,1,0.2,0.2,1
810,G-109,1960,2000,1,1,10,14,1,1,1,0.2,0.2,1
810,G-109B,1960,2000,1,1,10,14,1,1,1,0.2,0.2,1
810,SPEED ASTIR,1960,2000,1,0,10,14,1,1,1,0.2,0.2,1
811,GENESIS GEN 2,1990,2001,1,0,10,14,1,1,1,0.2,0.2,1
812,G-21A GOOSE,1937,1947,1,7,10,18,1,1,1,0,0,1
812,G-21C/D/G TURBO-GOOSE,1960,1980,1,7,10,18,1,1,1,0,0,1
812,G-44,1941,1949,1,4,10,18,1,1,1,0,0,1
813,BABY SCHNEIDER,1930,1950,1,0,10,14,1,1,1,0.2,0.2,1
814,MD3 RIDER TRI (SLSA),2000,2012,1,1,22,10,1,2,1,0,0,1
815,MIDNIGHT HAWK,1960,2010,1,0,10,19,1,1,1,0,0,1
816,PJC,1935,1940,1,3,10,13,1,12,1,0,0,1
817,ROCKET (EXP),1960,2013,1,1,13,11,1,1,1,1,1,1
818,PARASOL (EXP),1960,2013,1,1,13,11,1,1,1,0,0,1
819,COURIER,1954,2000,1,5,10,11,1,8,1,0.35,0.35,1
819,COURIER - FTRI,1955,2000,1,5,10,10,1,5,1,0.35,0.35,1
820,EAGLE 150,1998,2002,1,1,10,10,1,4,1,0.6,0.6,1
821,SPORT HORNET TRI(SLSA),2000,2012,1,1,22,10,1,2,1,0.25,0.25,1
822,12,1952,1966,1,2,10,19,1,17,1,0,0,1
822,12,1974,1983,1,2,10,19,1,17,1,0,0,1
822,12,1993,2005,1,2,10,19,1,17,1,0,0,1
822,FH-1100,1966,1992,1,4,10,19,1,22,1,0,0,1
823,HK-36,1938,2000,1,1,10,14,1,1,1,0.2,0.2,1
824,DIMONA H36,1975,2002,1,1,10,14,1,1,1,0.2,0.2,1
825,DGA-15,1935,1950,1,4,10,11,1,9,1,0,0,1
826,17,1990,2003,1,0,10,14,1,1,1,0.2,0.2,1
827,823,1975,1985,1,3,13,12,1,10,1,0,0,1
828,IS-28B2,1970,2000,1,1,10,14,1,1,1,0.2,0.2,1
828,IS-29D2,1938,2000,1,0,10,14,1,1,1,0.2,0.2,1
828,IS-32,1938,2000,1,1,10,14,1,1,1,0.2,0.2,1
829,SKY ARROW 600 SPORT TRI(SLSA),2000,2012,1,1,22,10,1,2,1,0,0,1
830,T211 THORPEDO TRI(SLSA),2000,2012,1,1,22,10,1,2,1,0,0,1
831,MYSTIQUE TRI(SLSA),1990,2012,1,1,22,10,1,2,1,0,0,1
831,SKYBOY TRI(SLSA),1985,2012,1,1,22,10,1,2,1,0,0,1
832,S-1 / L-6,1937,1946,1,1,10,11,1,7,1,0,0,1
832,S-1B2  ARCTIC TERN,1980,2003,1,1,10,11,1,8,1,0,0,1
833,EDELWEISS C 30S,1965,1975,1,0,10,14,1,1,1,0.2,0.2,1
834,CALYPSO SP TRI(SLSA),1990,2012,1,1,22,10,1,2,1,0,0,1
834,J170 (EXP),1990,2013,1,1,13,10,1,1,1,0,0,1
834,J170-SP TRI(SLSA),1990,2012,1,1,22,10,1,2,1,0,0,1
834,J230-SP TRI(SLSA),1990,2012,1,1,22,10,1,2,1,0,0,1
834,J250 (EXP),1960,2013,1,1,13,10,1,1,1,0,0,1
834,J250-SP TRI(SLSA),1990,2012,1,1,22,10,1,2,1,0,0,1
834,J-450 - 4 SEATS (EXP),1960,2013,1,3,13,10,1,1,1,0,0,1
835,2A,1935,2000,1,0,10,14,1,1,1,0.2,0.2,1
835,IIB,1938,2000,1,0,10,14,1,1,1,0.2,0.2,1
835,STD III,1938,2000,1,0,10,14,1,1,1,0.2,0.2,1
836,STD CIR G/81,1935,2000,1,0,10,14,1,1,1,0.2,0.2,1
837,KP-5 KAPPA TRI(SLSA),2000,2012,1,1,22,10,1,2,1,0,0,1
838,F 11/12 (EXP),1960,2013,1,1,13,10,1,1,1,0,0,1
839,ROCKET FTRI,1946,1946,1,1,10,10,1,5,1,0,0,1
839,ROCKET RTRI,1942,1942,1,1,10,12,1,11,1,0,0,1
840,SIROCCO (EXP),1960,2013,1,1,13,11,1,1,1,0,0,1
841,ESCAPADE TRI (EXP),1960,2013,1,1,13,10,1,1,1,0,0,1
841,ESCAPADE TRI (LSA),2000,2012,1,1,22,10,1,2,1,0,0,1
841,ESCAPADE TW (LSA),2000,2012,1,1,22,11,1,3,1,0,0,1
841,EXPEDITION E350 TRI (EXP),2011,2013,1,4,13,10,1,1,1,0.15,0.15,1
841,EXPEDITION E350 XC TW (EXP),2011,2013,1,4,13,11,1,1,1,0.15,0.15,1
841,HIGHLANDER TW (EXP),1960,2013,1,1,13,11,1,1,1,0,0,1
841,HIGHLANDER TW(SLSA),2000,2012,1,1,22,11,1,3,1,0,0,1
842,JUNGSTER (EXP),1960,2013,1,0,13,11,1,1,1,0,0,1
843,KP-5,2000,2009,1,1,10,10,1,2,1,0,0,1
844,LARK JK1 (EXP),1960,2013,1,0,13,11,1,1,1,0,0,1
845,SPORTSTER,1928,1940,1,0,10,11,1,8,1,0.35,0.35,1
846,SUPER SPORT TRI (SLSA),2009,2012,1,1,22,10,1,2,1,0,0,1
847,FLYER SS TRI(SLSA),2000,2012,1,1,22,10,1,2,1,0,0,1
848,APIS WR,2002,2003,1,0,10,14,1,1,1,0.2,0.2,1
849,LK-10A,1938,2000,1,1,10,14,1,1,1,0.2,0.2,1
849,LP-15,1938,2000,1,0,10,14,1,1,1,0.2,0.2,1
849,LP-46,1960,2000,1,0,10,14,1,1,1,0.2,0.2,1
849,LP-49,1960,2000,1,0,10,14,1,1,1,0.2,0.2,1
849,LS-15B,1940,2000,1,0,10,14,1,1,1,0.2,0.2,1
850,C-1/2,1957,1959,1,3,10,18,1,1,1,0,0,1
850,LA-4,1960,1969,1,3,10,18,1,1,1,0,0,1
850,LA-4 200,1970,1979,1,3,10,18,1,1,1,0,0,1
850,LA-4 200,1980,1987,1,3,10,18,1,1,1,0,0,1
850,LA4-250,1984,1989,1,5,10,18,1,1,1,0,0,1
850,LA4-250,1990,1994,1,5,10,18,1,1,1,0,0,1
850,LA4-250,1995,1997,1,5,10,18,1,1,1,0,0,1
850,LA4-270,1989,1994,1,3,10,18,1,1,1,0,0,1
850,LA4-270,1995,1997,1,3,10,18,1,1,1,0,0,1
851,235 (EXP),1960,2013,1,1,13,12,1,1,1,0.6,0.6,1
851,320 / 360 (EXP),1960,2013,1,1,13,12,1,1,1,0.6,0.6,1
851,ES (EXP),1960,2013,1,3,13,10,1,1,1,0.6,0.6,1
851,ES-P PRESS (EXP),1960,2013,1,3,13,10,1,1,1,2.1,2.1,1
851,IV (EXP),1960,2013,1,3,13,12,1,1,1,2.1,2.1,1
851,IV-P PRESS (EXP),1960,2013,1,3,13,12,1,1,1,2.1,2.1,1
851,LEGACY FTRI (EXP),1960,2013,1,1,13,10,1,1,1,0.35,0.35,1
851,LEGACY RTRI (EXP),1960,2013,1,1,13,12,1,1,1,0.6,0.6,1
852,24,1975,1979,2,6,10,12,1,21,1,0.85,0.85,1
852,25,1975,1984,2,8,10,12,1,21,1,0.85,0.85,1
852,29,1979,1983,2,8,10,12,1,21,1,0,0,1
852,31,1988,1994,2,8,10,12,1,21,1,0,0,1
852,31,1995,2002,2,8,10,12,1,21,1,0,0,1
852,35/36,1975,1993,2,8,10,12,1,21,1,0,0,1
853,CUB,2002,2009,1,1,10,11,1,3,1,0,0,1
853,CUB (EXP),1960,2013,1,1,13,11,1,7,1,0,0,1
854,L-13 BLANIK,1938,2000,1,1,10,14,1,1,1,0.2,0.2,1
854,L-23 SUPER BLANI,1980,2000,1,1,10,14,1,1,1,0.2,0.2,1
854,L-33 SOLO,1990,2002,1,0,10,14,1,1,1,0.2,0.2,1
855,AIR-CAM (EXP),1995,2013,1,1,13,11,1,1,1,0,0,1
856,XL-2,2005,2009,1,1,10,10,1,4,1,0,0,1
856,XL-2,2010,2010,1,1,10,10,1,4,1,0,0,1
857,LP3,1926,1935,1,1,10,11,1,8,1,0,0,1
858,LW-3 (EXP),1960,2013,1,0,13,19,1,1,1,0,0,1
858,LW-3+2 (EXP),1960,2013,1,1,13,19,1,1,1,0,0,1
859,12,1936,1941,1,5,10,13,1,16,1,0,0,1
860,AIRCAM (EXP),1980,2013,1,1,13,11,1,1,1,0,0,1
861,11,1937,1950,1,3,10,11,1,7,1,0,0,1
861,8,1938,1960,1,1,10,11,1,7,1,0,0,1
861,8,1997,2002,1,1,10,11,1,8,1,0,0,1
862,R8F,2008,2011,1,1,10,11,1,8,1,0,0,1
862,SILVAIRE 8 TW(SLSA),2005,2012,1,1,22,11,1,3,1,0,0,1
863,MAD MAX (EXP),1960,2013,1,0,13,19,1,1,1,0,0,1
863,MAD MAX II (EXP),1960,2013,1,1,13,19,1,1,1,0,0,1
864,M14/M16 (EXP),1960,2013,1,1,13,19,1,1,1,0,0,1
864,M-18 (EXP),1960,2013,1,0,13,19,1,1,1,0,0,1
865,HATZ (EXP),1960,2013,1,1,13,11,1,1,1,0,0,1
866,MA5 CHARGER (EXP),1960,2013,1,1,13,11,1,1,1,0,0,1
867,PIONEER IID,1960,2000,1,0,10,14,1,1,1,0.2,0.2,1
868,M-4,1962,1975,1,3,10,11,1,8,1,0.25,0.25,1
868,M-4-180V,2008,2011,1,3,10,11,1,8,1,0.25,0.25,1
868,M-5,1973,1988,1,3,10,11,1,8,1,0.25,0.25,1
868,M-6,1975,1984,1,3,10,11,1,8,1,0.25,0.25,1
868,M-6,1985,1994,1,3,10,11,1,8,1,0.25,0.25,1
868,M-6,1995,2000,1,3,10,11,1,8,1,0.25,0.25,1
868,M-7-250 TUROPROP,1998,2005,1,3,10,11,1,1,1,1,1,1
868,MX-7,1984,1989,1,3,10,11,1,8,1,0.25,0.25,1
868,MX-7,1990,1999,1,3,10,11,1,8,1,0.25,0.25,1
868,MX-7,2000,2004,1,3,10,11,1,8,1,0.25,0.25,1
868,MX-7,2005,2010,1,3,10,11,1,8,1,0.25,0.25,1
868,MXT-7,1991,1999,1,3,10,10,1,5,1,0,0,1
868,MXT-7,2000,2004,1,3,10,10,1,5,1,0,0,1
868,MXT-7,2005,2009,1,3,10,10,1,5,1,0,0,1
869,WOODSTOCK,1970,2000,1,0,10,14,1,1,1,0.2,0.2,1
870,BO-209,1969,1972,1,1,10,10,1,4,1,0,0,1
871,J-2,1965,1975,1,1,10,19,1,1,1,0,0,1
872,369/500C,1975,1976,1,4,10,19,1,22,1,0,0,1
872,500/MD500,1976,1996,1,4,10,19,1,22,1,0,0,1
872,MD520,1992,1996,1,4,10,19,1,22,1,0,0,1
872,MD530,1984,2000,1,5,10,19,1,23,1,0,0,1
873,RIDER TRI(SLSA),2000,2012,1,1,22,10,1,2,1,0,0,1
874,FOX MDM-1,1980,2005,1,1,10,14,1,1,1,0.2,0.2,1
875,OLYMPIA,1939,2000,1,0,10,14,1,1,1,0.2,0.2,1
876,0TW,1936,1954,1,1,10,11,1,8,1,0,0,1
876,200 series,1959,1967,1,3,10,12,1,11,1,0.35,0.35,1
876,LIL TOOT (EXP),1960,2013,1,0,13,11,1,1,1,0,0,1
876,MAC-145,1953,1960,1,1,10,12,1,11,1,0.35,0.35,1
877,SP20,2000,2002,1,1,10,13,1,1,1,2,2,1
877,SP26,2000,2003,1,1,10,13,1,1,1,2,2,1
878,EJ1,1938,2000,1,0,10,14,1,1,1,0.2,0.2,1
879,C,1938,2000,1,0,10,14,1,1,1,0.2,0.2,1
880,U-2,1938,2000,1,0,10,14,1,1,1,0.2,0.2,1
881,MONERAI (EXP),1960,2013,1,0,13,11,1,1,1,0.35,0.35,1
881,SONERAI (EXP),1960,2013,1,1,13,11,1,1,1,0.35,0.35,1
882,MONOCOUPE,1930,1950,1,1,10,11,1,8,1,0,0,1
883,18,1949,1950,1,0,10,10,1,1,1,0.35,0.35,1
883,20,1955,1960,1,3,10,12,1,10,1,0,0,1
883,20,1961,1969,1,3,10,12,1,10,1,0,0,1
883,20,1970,1978,1,3,10,12,1,10,1,0,0,1
883,20 D -  FIXED GEAR,1963,1965,1,3,10,10,1,4,1,0,0,1
883,20J,1976,1985,1,3,10,12,1,11,1,0,0,1
883,20J,1986,1992,1,3,10,12,1,11,1,0,0,1
883,20J,1993,1998,1,3,10,12,1,11,1,0,0,1
883,20K,1979,1985,1,3,10,12,1,11,1,0,0,1
883,20K,1986,1990,1,3,10,12,1,11,1,0,0,1
883,20K,1997,1998,1,3,10,12,1,11,1,0,0,1
883,20L PORSCHE,1988,1989,1,3,10,12,1,11,1,0.1,0.1,1
883,20M,1989,1994,1,3,10,12,1,11,1,0,0,1
883,20M,1995,2006,1,3,10,12,1,11,1,0,0,1
883,20R,1994,2002,1,3,10,12,1,11,1,0,0,1
883,20R,2003,2008,1,3,10,12,1,11,1,0,0,1
883,20S,1998,2002,1,3,10,12,1,11,1,0,0,1
883,20TN,2006,2008,1,3,10,12,1,11,1,0,0,1
883,22 PRESS.,1967,1970,1,3,10,12,1,11,1,1,1,1
883,M10/ A-2 CADET,1968,1970,1,1,10,10,1,4,1,0,0,1
884,MS893,1970,1979,1,3,10,10,1,4,1,0,0,1
885,SHINN,1958,1971,1,1,10,10,1,4,1,0,0,1
886,MAJOR,1920,2001,1,1,10,11,1,7,1,0,0,1
887,CAP 20 / 21,1977,1985,1,0,10,11,1,9,1,0,0,1
887,CAP 231 / 232,1990,2002,1,0,10,11,1,9,1,0,0,1
888,MOSEWAY,1939,2000,1,0,10,14,1,1,1,0.2,0.2,1
889,ELITE - FTRI (EXP),1960,2013,1,1,13,10,1,3,1,0,0,1
889,MOOSE - FTW (EXP),1960,2013,1,5,13,11,1,1,1,0.25,0.25,1
889,REBEL - FTRI (EXP),1960,2013,1,2,13,10,1,3,1,0,0,1
889,REBEL - FTW (EXP),1960,2013,1,2,13,11,1,7,1,0,0,1
889,RENEGADE TW (EXP),1960,2013,1,1,13,11,1,7,1,0,0,1
889,SUPER REBEL(4 SEAT) (EXP),1960,2013,1,3,13,11,1,1,1,0,0,1
890,MIDGET MUSTANG I (EXP),1960,2013,1,0,13,11,1,1,1,0,0,1
890,MIDGET MUSTANG II (EXP),1960,2013,1,1,13,11,1,1,1,0,0,1
890,MUSTANG II - FTRI (EXP),1960,2013,1,1,13,10,1,1,1,0,0,1
891,MS-1 (EXP),2009,2013,1,1,13,10,1,1,1,0,0,1
892,185 / 260 HP 4 SEATS,1946,1951,1,3,10,12,1,11,1,0.25,0.25,1
892,240 / 285 HP 5 SEATS,1951,1964,1,4,10,12,1,11,1,0.25,0.25,1
892,240 / 285 HP 5 SEATS,1965,1976,1,4,10,12,1,11,1,0.25,0.25,1
893,N3N,1935,1950,1,1,10,11,1,8,1,0.35,0.35,1
894,ELFE S4,1960,2009,1,0,10,14,1,1,1,0.2,0.2,1
894,STANDARD ELFE,1955,1976,1,0,10,14,1,1,1,0.2,0.2,1
895,SISU 1A,1950,1998,1,0,10,14,1,1,1,0.2,0.2,1
896,STAMPE,1946,1960,1,1,10,11,1,7,1,0,0,1
897,PITBULL II (EXP),1960,2013,1,1,13,19,1,1,1,0,0,1
897,PITBULL SS (EXP),1960,2013,1,0,13,19,1,1,1,0,0,1
898,MG-23SL,1950,2000,1,0,10,14,1,1,1,0.2,0.2,1
899,BABY LAKES (EXP),1960,2013,1,0,13,11,1,1,1,0,0,1
900,SYMPHONY 160,2001,2011,1,1,10,10,1,4,1,0,0,1
901,OPUS 280 (EXP),1960,2013,1,1,13,10,1,1,1,0,0,1
901,SUPER 2 TRI(SLSA),1990,2012,1,1,22,10,1,2,1,0,0,1
902,L,1938,2000,1,0,10,14,1,1,1,0.2,0.2,1
903,OSPREY 2 (EXP),1990,2013,1,1,13,18,1,1,1,0,0,1
904,P-1 TRI(SLSA),2000,2012,1,1,22,10,1,2,1,0,0,1
905,TEENIE TWO (EXP),1960,2013,1,0,13,10,1,1,1,0,0,1
906,P 68,1979,1995,1,5,10,10,1,14,1,0,0,1
907,SKYLARK,1935,1940,1,1,10,11,1,8,1,0,0,1
908,PAGAZAIR 100/111/150 (EXP),1960,2013,1,1,13,11,1,1,1,0,0,1
909,P-56 PROVOST 5 MK.1,1945,1965,1,1,10,11,1,8,1,0.6,0.6,1
910,J-4,1960,2000,1,0,10,14,1,1,1,0.2,0.2,1
911,EMERAUDE CP-30/60 (EXP),1960,2013,1,1,13,11,1,1,1,0,0,1
912,AIRCAMPER (EXP),1927,2013,1,1,13,11,1,7,1,0,0,1
913,B4,1970,2000,1,0,10,14,1,1,1,0.2,0.2,1
913,P3,1953,1959,1,1,10,12,1,11,1,0,0,1
914,J2,1933,1938,1,1,10,11,1,7,1,0,0,1
914,J3 / J4,1937,1965,1,1,10,11,1,7,1,0,0,1
914,L4 / J5,1938,1949,1,2,10,11,1,7,1,0,0,1
914,PA 11,1945,1949,1,1,10,11,1,7,1,0,0,1
914,PA 12,1945,1949,1,2,10,11,1,7,1,0,0,1
914,PA 14,1945,1949,1,3,10,11,1,7,1,0,0,1
914,PA 15,1945,1949,1,1,10,11,1,7,1,0,0,1
914,PA 16,1945,1949,1,3,10,11,1,7,1,0,0,1
914,PA 17,1945,1949,1,1,10,11,1,7,1,0,0,1
914,PA 18,1947,1959,1,1,10,11,1,7,1,0,0,1
914,PA 18,1960,1969,1,1,10,11,1,7,1,0,0,1
914,PA 18,1970,1978,1,1,10,11,1,7,1,0,0,1
914,PA 18,1979,1989,1,1,10,11,1,7,1,0,0,1
914,PA 18,1990,1994,1,1,10,11,1,7,1,0,0,1
914,PA 20,1949,1954,1,3,10,11,1,7,1,0,0,1
914,PA 20/22,1949,1954,1,3,10,10,1,4,1,-0.1,-0.1,1
914,PA 22,1951,1960,1,3,10,10,1,4,1,-0.1,-0.1,1
914,PA 22/20,1951,1960,1,3,10,11,1,7,1,0,0,1
914,PA 22-108,1960,1964,1,1,10,10,1,4,1,-0.1,-0.1,1
914,PA 23-150 / 160,1954,1962,1,4,10,12,1,14,1,0.6,0.6,1
914,PA 23-235,1962,1966,1,4,10,12,1,14,1,0,0,1
914,PA 23-250,1960,1970,1,5,10,12,1,14,1,0,0,1
914,PA 23-250,1971,1981,1,5,10,12,1,14,1,0,0,1
914,PA 24-180,1956,1964,1,3,10,12,1,10,1,0.35,0.35,1
914,PA 24-250,1958,1964,1,3,10,12,1,10,1,0.25,0.25,1
914,PA 24-260,1964,1965,1,3,10,12,1,10,1,0.25,0.25,1
914,PA 24-260,1966,1972,1,5,10,12,1,10,1,0.25,0.25,1
914,PA 24-400,1964,1965,1,4,10,12,1,11,1,1,1,1
914,PA 25 PAWNEE,1960,1962,1,0,10,11,1,1,1,0,0,1
914,PA 25 PAWNEE,1963,1968,1,0,10,11,1,1,1,0,0,1
914,PA 25 PAWNEE,1969,1981,1,0,10,11,1,1,1,0,0,1
914,PA 28-140,1962,1977,1,3,10,10,1,4,1,-0.1,-0.1,1
914,PA 28-150,1961,1968,1,3,10,10,1,4,1,-0.1,-0.1,1
914,PA 28-151,1973,1977,1,3,10,10,1,4,1,-0.1,-0.1,1
914,PA 28-160,1961,1968,1,3,10,10,1,4,1,-0.1,-0.1,1
914,PA 28-161,1974,1979,1,3,10,10,1,4,1,-0.1,-0.1,1
914,PA 28-161,1980,1989,1,3,10,10,1,4,1,-0.1,-0.1,1
914,PA 28-161,1990,1999,1,3,10,10,1,4,1,-0.1,-0.1,1
914,PA 28-161,2000,2004,1,3,10,10,1,4,1,-0.1,-0.1,1
914,PA 28-161,2005,2010,1,3,10,10,1,4,1,0,0,1
914,PA 28-161,2011,2012,1,3,10,10,1,4,1,0,0,1
914,PA 28-180,1961,1969,1,3,10,10,1,4,1,-0.1,-0.1,1
914,PA 28-180,1970,1976,1,3,10,10,1,4,1,-0.1,-0.1,1
914,PA 28-181,1975,1979,1,3,10,10,1,4,1,-0.1,-0.1,1
914,PA 28-181,1980,1989,1,3,10,10,1,4,1,-0.1,-0.1,1
914,PA 28-181,1990,1999,1,3,10,10,1,4,1,-0.1,-0.1,1
914,PA 28-181,2000,2004,1,3,10,10,1,4,1,-0.1,-0.1,1
914,PA 28-181,2005,2007,1,3,10,10,1,4,1,0,0,1
914,PA 28-181,2008,2010,1,3,10,10,1,4,1,0,0,1
914,PA 28-201T DAKOTA,1978,1980,1,3,10,10,1,4,1,-0.1,-0.1,1
914,PA 28-235,1963,1969,1,3,10,10,1,4,1,-0.1,-0.1,1
914,PA 28-235,1970,1979,1,3,10,10,1,4,1,-0.1,-0.1,1
914,PA 28-236,1978,1989,1,3,10,10,1,4,1,-0.1,-0.1,1
914,PA 28-236,1990,1994,1,3,10,10,1,4,1,0,0,1
914,PA 28R ARROW,1967,1979,1,3,10,12,1,10,1,0,0,1
914,PA 28R ARROW,1980,1989,1,3,10,12,1,10,1,0,0,1
914,PA 28R ARROW,1990,1999,1,3,10,12,1,10,1,0,0,1
914,PA 28R ARROW,2000,2004,1,3,10,12,1,10,1,0,0,1
914,PA 28R ARROW,2005,2009,1,3,10,12,1,10,1,0,0,1
914,PA 28R ARROW,2010,2012,1,3,10,12,1,10,1,0,0,1
914,PA 30,1963,1969,1,5,10,12,1,15,1,0.35,0.35,1
914,PA 31-300 / 310,1967,1972,1,6,10,12,1,15,1,0,0,1
914,PA 31-310 / 325,1973,1979,1,7,10,12,1,15,1,0,0,1
914,PA 31-310 / 325,1980,1983,1,7,10,12,1,15,1,0,0,1
914,PA 31-350,1973,1979,1,9,10,12,1,16,1,0,0,1
914,PA 31-350,1980,1984,1,9,10,12,1,16,1,0,0,1
914,PA 31-350 PRESS,1984,1984,1,6,10,12,1,16,1,0,0,1
914,PA 31P  PRESS,1970,1977,1,7,10,12,1,16,1,0,0,1
914,PA 31T-500 CHEYENNE,1978,1984,1,6,10,12,1,20,1,0,0,1
914,PA 31T-620 CHEYENNE II,1974,1983,1,7,10,12,1,20,1,0,0,1
914,PA 31T-620XL CHEYENNE II,1981,1984,1,9,10,12,1,20,1,0,0,1
914,PA 32,1965,1969,1,6,10,10,1,6,1,0.1,0.1,1
914,PA 32,1970,1979,1,6,10,10,1,6,1,0.1,0.1,1
914,PA 32,1980,1984,1,6,10,10,1,6,1,0.1,0.1,1
914,PA 32,1985,1990,1,6,10,10,1,6,1,0.1,0.1,1
914,PA 32/6X,2003,2007,1,5,10,10,1,6,1,0.1,0.1,1
914,PA 32R,1975,1979,1,6,10,12,1,11,1,0.1,0.1,1
914,PA 32R,1980,1984,1,6,10,12,1,11,1,0.1,0.1,1
914,PA 32R,1985,1989,1,6,10,12,1,11,1,0.1,0.1,1
914,PA 32R,1990,1994,1,6,10,12,1,11,1,0.1,0.1,1
914,PA 32R,1995,1999,1,6,10,12,1,11,1,0.1,0.1,1
914,PA 32R,2000,2004,1,6,10,12,1,11,1,0.1,0.1,1
914,PA 32R,2005,2009,1,6,10,12,1,11,1,0.1,0.1,1
914,PA 34,1971,1974,1,5,10,12,1,14,1,0,0,1
914,PA 34,1975,1979,1,6,10,12,1,14,1,0,0,1
914,PA 34,1980,1984,1,6,10,12,1,14,1,0,0,1
914,PA 34,1985,1989,1,6,10,12,1,14,1,0,0,1
914,PA 34,1990,1994,1,6,10,12,1,14,1,0,0,1
914,PA 34,1995,1999,1,6,10,12,1,14,1,0,0,1
914,PA 34,2000,2004,1,6,10,12,1,14,1,0,0,1
914,PA 34,2005,2011,1,6,10,12,1,14,1,0,0,1
914,PA 38,1978,1982,1,1,10,10,1,4,1,-0.1,-0.1,1
914,PA 39,1970,1972,1,5,10,12,1,14,1,0,0,1
914,PA 44,1979,1989,1,3,10,12,1,14,1,0,0,1
914,PA 44,1990,1999,1,3,10,12,1,14,1,0,0,1
914,PA 44,2000,2004,1,3,10,12,1,14,1,0,0,1
914,PA 44,2005,2009,1,3,10,12,1,14,1,0,0,1
914,PA 44,2010,2012,1,3,10,12,1,14,1,0,0,1
914,PA 46 JETPROP,1984,2012,1,5,10,12,1,19,1,0.3,0.3,1
914,PA 46 MALIBU/MIRAGE,1984,1989,1,5,10,12,1,11,1,0.45,0.45,1
914,PA 46 MALIBU/MIRAGE,1990,1994,1,5,10,12,1,11,1,0.45,0.45,1
914,PA 46 MALIBU/MIRAGE,1995,1999,1,5,10,12,1,11,1,0.45,0.45,1
914,PA 46 MALIBU/MIRAGE,2000,2004,1,5,10,12,1,11,1,0.45,0.45,1
914,PA 46 MALIBU/MIRAGE,2005,2009,1,5,10,12,1,11,1,0.45,0.45,1
914,PA 46 MALIBU/MIRAGE,2010,2012,1,5,10,12,1,11,1,0.45,0.45,1
914,PA 46-500TP MERIDIAN,2001,2004,1,5,10,12,1,19,1,0.3,0.3,1
914,PA 46-500TP MERIDIAN,2005,2009,1,5,10,12,1,19,1,0.3,0.3,1
914,PA 46-500TP MERIDIAN,2010,2011,1,5,10,12,1,19,1,0.3,0.3,1
914,PA 46R-350 MATRIX,2008,2012,1,5,10,12,1,11,1,0.45,0.45,1
915,PA 60,1969,1974,1,5,10,12,1,16,1,0.45,0.45,1
915,PA 60,1975,1979,1,5,10,12,1,16,1,0.45,0.45,1
915,PA 60,1980,1984,1,5,10,12,1,16,1,0.45,0.45,1
915,PA 60-700P,1984,1984,1,5,10,12,1,16,1,0.45,0.45,1
916,ALPHA TRAINER,2012,2013,1,1,22,10,1,2,1,0,0,1
916,SINUS 503/912,2004,2012,1,1,10,14,1,1,1,0.2,0.2,1
916,VIRUS 912,2004,2012,1,1,10,14,1,1,1,0.2,0.2,1
917,35/65,1935,1946,1,1,10,11,1,1,1,0.2,0.2,1
918,ULTRA PUP (EXP),1960,2013,1,1,13,11,1,1,1,0,0,1
919,SEAREY (EXP),1980,2013,1,1,13,18,1,1,1,0,0,1
920,PT2 (EXP),1960,2013,1,1,13,11,1,1,1,0,0,1
921,STANDARD,1950,2000,1,0,10,14,1,1,1,0.2,0.2,1
922,PULSAR 150-FTRI (EXP),1960,2013,1,1,13,10,1,1,1,0,0,1
922,PULSAR I (EXP),1960,2013,1,1,13,11,1,1,1,0,0,1
922,PULSAR XP (EXP),1960,2013,1,1,13,11,1,1,1,0,0,1
922,PULSAR XP III (EXP),1960,2013,1,1,13,10,1,1,1,0,0,1
922,SPORT 150 (EXP),1960,2013,1,1,13,10,1,1,1,0,0,1
923,104 WILGA,1963,2009,1,3,10,11,1,8,1,0.5,0.5,1
923,KOLIBER 150,1960,2000,1,3,10,10,1,4,1,0,0,1
923,SZD 45 OGAR,1935,2000,1,1,10,14,1,1,1,0.2,0.2,1
923,SZD 55-1,1970,2004,1,0,10,14,1,1,1,0.2,0.2,1
923,SZD 56 DIANA,1995,2009,1,0,10,14,1,1,1,0.2,0.2,1
924,48 STD JANTAR 3,1970,2000,1,0,10,14,1,1,1,0.2,0.2,1
924,56-1,1940,2001,1,0,10,14,1,1,1,0.2,0.2,1
924,PW-5,1980,2002,1,0,10,14,1,1,1,0.2,0.2,1
924,SZD 24C FOKA,1950,2001,1,0,10,14,1,1,1,0.2,0.2,1
924,SZD 48 STD JANTAR,1970,2000,1,0,10,14,1,1,1,0.2,0.2,1
924,SZD 48 STD JANTAR 2,1970,2000,1,0,10,14,1,1,1,0.2,0.2,1
924,SZD 50-3,1970,2000,1,1,10,14,1,1,1,0.2,0.2,1
924,SZD-22C MUCHA,1950,2000,1,0,10,14,1,1,1,0.2,0.2,1
924,SZD-30 PIRAT,1960,2000,1,0,10,14,1,1,1,0.2,0.2,1
924,SZD-36A COBRA,1960,2000,1,0,10,14,1,1,1,0.2,0.2,1
924,SZD-37 JANTAR,1938,2000,1,0,10,14,1,1,1,0.2,0.2,1
924,SZD-38A JANTAR,1970,2000,1,0,10,14,1,1,1,0.2,0.2,1
924,SZD-41 JANTAR STD,1970,2000,1,0,10,14,1,1,1,0.2,0.2,1
924,SZD-42,1938,2000,1,0,10,14,1,1,1,0.2,0.2,1
924,SZD-42-1 JANTAR II,1978,2002,1,0,10,14,1,1,1,0.2,0.2,1
924,SZD-51-1,1938,2004,1,0,10,14,1,1,1,0.2,0.2,1
924,SZD-55,1938,2000,1,0,10,14,1,1,1,0.2,0.2,1
924,SZD-55-1,1938,2000,1,0,10,14,1,1,1,0.2,0.2,1
924,SZD-59,1970,2000,1,0,10,14,1,1,1,0.2,0.2,1
925,KR-03A,1980,2000,1,1,10,14,1,1,1,0.2,0.2,1
926,PW-5 SMY,1980,2002,1,0,10,14,1,1,1,0.2,0.2,1
926,PW-6,1996,2002,1,1,10,14,1,1,1,0.2,0.2,1
927,48-3,1938,2000,1,0,10,14,1,1,1,0.2,0.2,1
927,FOKA,1940,2000,1,0,10,14,1,1,1,0.2,0.2,1
927,FOKA-4,1940,2000,1,0,10,14,1,1,1,0.2,0.2,1
928,214SL QUASAR TRI(SLSA),2000,2012,1,1,22,10,1,2,1,0,0,1
929,WINDEX 1200C,1970,2000,1,0,10,14,1,1,1,0.2,0.2,1
930,KR-2 - FTRI (EXP),1960,2013,1,1,13,10,1,1,1,0,0,1
930,KR-2S - FTW (EXP),1960,2013,1,1,13,11,1,1,1,0,0,1
931,S-10 (EXP),1960,2013,1,1,13,11,1,1,1,0,0,1
931,S-19 TRI (EXP),2000,2012,1,1,13,10,1,2,1,0,0,1
931,S-19LS TRI(SLSA),2004,2012,1,1,22,10,1,2,1,0,0,1
931,S-6 - FTRI (EXP),1960,2013,1,1,13,10,1,1,1,0,0,1
931,S-6 - FTW (EXP),1960,2013,1,1,13,11,1,1,1,0,0,1
931,S-7 (EXP),1960,2013,1,1,13,11,1,1,1,0,0,1
931,S-7C,1998,2004,1,1,10,10,1,2,1,0,0,1
931,S-7LS TW(SLSA),2000,2012,1,1,22,11,1,3,1,0,0,1
932,CLOUDSTER,1940,1941,1,1,10,11,1,7,1,0,0,1
932,SKYRANGER 185,1941,1946,1,1,10,11,1,7,1,0,0,1
933,G-3 MIRAGE TRI(SLSA),2002,2012,1,1,22,10,1,2,1,0.25,0.25,1
933,G-3/GX TRI(SLSA),2002,2012,1,1,22,10,1,2,1,0.25,0.25,1
934,RC-3 SEA BEE,1944,1950,1,3,10,18,1,1,1,0,0,1
935,BREEZY (EXP),1960,2013,1,1,13,10,1,1,1,0,0,1
936,R-22,1979,1989,1,1,10,19,1,17,1,0,0,1
936,R-22,1990,2009,1,1,10,19,1,17,1,0,0,1
936,R-44,1993,1996,1,3,10,19,1,18,1,0,0,1
936,R-44,1997,2009,1,3,10,19,1,18,1,0,0,1
937,100 / 180,1966,1971,1,3,10,10,1,4,1,0,0,1
938,ES-59 ARROW,1940,2000,1,0,10,14,1,1,1,0.2,0.2,1
938,ES-60 BOOMERANG,1940,2000,1,0,10,14,1,1,1,0.2,0.2,1
938,GRUNAU BABY,1931,2000,1,0,10,14,1,1,1,0.2,0.2,1
938,LS-1,1960,2000,1,0,10,14,1,1,1,0.2,0.2,1
938,LS-3,1938,2000,1,0,10,14,1,1,1,0.2,0.2,1
938,LS-4,1980,2002,1,0,10,14,1,1,1,0.2,0.2,1
938,LS-6,1980,2001,1,0,10,14,1,1,1,0.2,0.2,1
938,LS-7,1938,2000,1,0,10,14,1,1,1,0.2,0.2,1
938,LS-8,1938,2002,1,0,10,14,1,1,1,0.2,0.2,1
939,PARAKEET,1936,1975,1,0,10,11,1,7,1,0,0,1
940,RAF 2000 (EXP),1960,2013,1,1,13,19,1,1,1,3,3,1
940,RAF 2000/SH (EXP),1960,20123,1,1,13,19,1,1,1,3,3,1
941,DOMINATOR (EXP),1960,20123,1,0,13,19,1,1,1,0,0,1
942,DOMINATOR II (EXP),1960,2013,1,1,13,19,1,1,1,0,0,1
943,EXEC 162F (EXP),1960,2013,1,1,13,19,1,1,1,3,3,1
944,2,1938,1998,1,0,10,14,1,1,1,0.2,0.2,1
944,AC-4,1938,2002,1,0,10,14,1,1,1,0.2,0.2,1
944,AC-5M,1990,2002,1,0,10,14,1,1,1,0.2,0.2,1
944,MECHTA AC4/12,1938,2000,1,0,10,14,1,1,1,0.2,0.2,1
945,LONG EZ (EXP),1960,2013,1,1,13,12,1,1,1,0.2,0.2,1
945,VARI EZ (EXP),1980,2013,1,1,13,12,1,1,1,0.45,0.45,1
946,M1,1926,1945,1,1,10,11,1,8,1,0,0,1
946,SCW,1937,1938,1,2,10,11,1,7,1,0,0,1
946,ST/PT SERIES,1934,1944,1,1,10,11,1,7,1,0,0,1
946,TWIN NAVION,1950,1960,1,4,10,12,1,14,1,0.5,0.5,1
947,ST REPLICA (EXP),1960,2013,1,1,13,11,1,1,1,0,0,1
948,SAGITTA,1935,2000,1,0,10,14,1,1,1,0.2,0.2,1
949,H-101,1938,2000,1,0,10,14,1,1,1,0.2,0.2,1
950,ELITAR-SIGMA TRI(SLSA),2000,2012,1,1,22,10,1,2,1,0,0,1
951,BERGFALKE,1951,2000,1,0,10,14,1,1,1,0.2,0.2,1
951,L-SPATZ,1950,2000,1,0,10,14,1,1,1,0.2,0.2,1
951,L-SPATZ 55,1950,2000,1,0,10,14,1,1,1,0.2,0.2,1
951,SF-24 NOTORSPATZ,1960,2000,1,0,10,14,1,1,1,0.2,0.2,1
951,SF-25 FALKE,1950,2000,1,1,10,14,1,1,1,0.2,0.2,1
951,SF-26,1960,2000,1,0,10,14,1,1,1,0.2,0.2,1
951,SF-27,1960,2000,1,0,10,14,1,1,1,0.2,0.2,1
951,SF-27M,1960,2000,1,0,10,14,1,1,1,0.2,0.2,1
951,SF-28 TANDEM,1960,2000,1,1,10,14,1,1,1,0.2,0.2,1
951,SF-34,1970,2000,1,1,10,14,1,1,1,0.2,0.2,1
951,SPATZ,1938,2000,1,0,10,14,1,1,1,0.2,0.2,1
951,ZUGVOGEL,1950,2000,1,0,10,14,1,1,1,0.2,0.2,1
952,AUSTRIA,1959,2000,1,0,10,14,1,1,1,0.2,0.2,1
952,CIRRUS,1967,2000,1,0,10,14,1,1,1,0.2,0.2,1
952,CIRRUS O,1938,2000,1,0,10,14,1,1,1,0.2,0.2,1
952,DISCUS,1938,2001,1,0,10,14,1,1,1,0.2,0.2,1
952,DISCUS A,1980,2000,1,0,10,14,1,1,1,0.2,0.2,1
952,DISCUS B,1980,2000,1,0,10,14,1,1,1,0.2,0.2,1
952,DISCUS BM,1970,2000,1,0,10,14,1,1,1,0.2,0.2,1
952,DISCUS BT,1980,2000,1,0,10,14,1,1,1,0.2,0.2,1
952,DISCUS CS,1970,2003,1,0,10,14,1,1,1,0.2,0.2,1
952,DISCUS CT,2000,2009,1,0,10,14,1,1,1,0.2,0.2,1
952,DISCUS II,1970,2009,1,0,10,14,1,1,1,0.2,0.2,1
952,DUO DISCUS,1960,2009,1,1,10,14,1,1,1,0.2,0.2,1
952,DUO DISCUS POWERED,1990,2004,1,1,10,14,1,1,1,0.2,0.2,1
952,JANUS,1970,2000,1,1,10,14,1,1,1,0.2,0.2,1
952,JANUS B,1970,2000,1,1,10,14,1,1,1,0.2,0.2,1
952,JANUS C,1970,2000,1,1,10,14,1,1,1,0.2,0.2,1
952,JANUS CM,1970,2000,1,1,10,14,1,1,1,0.2,0.2,1
952,JANUS CT,1970,2000,1,1,10,14,1,1,1,0.2,0.2,1
952,MINI NIMBUS,1970,2000,1,0,10,14,1,1,1,0.2,0.2,1
952,MINI NIMBUS C,1970,2000,1,0,10,14,1,1,1,0.2,0.2,1
952,MINIMOA,1935,2000,1,0,10,14,1,1,1,0.2,0.2,1
952,NIMBUS,1938,1998,1,0,10,14,1,1,1,0.2,0.2,1
952,NIMBUS 2,1960,1998,1,0,10,14,1,1,1,0.2,0.2,1
952,NIMBUS 2C,1960,2000,1,0,10,14,1,1,1,0.2,0.2,1
952,NIMBUS 3,1980,1998,1,0,10,14,1,1,1,0.2,0.2,1
952,NIMBUS 3D,1980,2000,1,1,10,14,1,1,1,0.2,0.2,1
952,NIMBUS 3DM,1980,2000,1,1,10,14,1,1,1,0.2,0.2,1
952,NIMBUS 3DT,1980,2000,1,1,10,14,1,1,1,0.2,0.2,1
952,NIMBUS 3T,1980,2000,1,0,10,14,1,1,1,0.2,0.2,1
952,NIMBUS 4,1990,2000,1,0,10,14,1,1,1,0.2,0.2,1
952,NIMBUS 4DM,1990,2000,1,1,10,14,1,1,1,0.2,0.2,1
952,NIMBUS 4T,1990,2000,1,0,10,14,1,1,1,0.2,0.2,1
952,NIMBUS III,1938,2000,1,0,10,14,1,1,1,0.2,0.2,1
952,STANDARD CIRRUS,1967,2000,1,0,10,14,1,1,1,0.2,0.2,1
952,VENTUS 2,1980,2009,1,0,10,14,1,1,1,0.2,0.2,1
952,VENTUS 2C,1980,2009,1,0,10,14,1,1,1,0.2,0.2,1
952,VENTUS 2CM,1980,2009,1,0,10,14,1,1,1,0.2,0.2,1
952,VENTUS 2CT,1980,2009,1,0,10,14,1,1,1,0.2,0.2,1
952,VENTUS A,1980,2000,1,0,10,14,1,1,1,0.2,0.2,1
952,VENTUS B,1980,2000,1,0,10,14,1,1,1,0.2,0.2,1
952,VENTUS BT,1980,2000,1,0,10,14,1,1,1,0.2,0.2,1
952,VENTUS CM,1980,2000,1,0,10,14,1,1,1,0.2,0.2,1
952,VENTUS SERIES,1938,2000,1,0,10,14,1,1,1,0.2,0.2,1
953,ASG 29,2005,2009,1,0,10,14,1,1,1,0.2,0.2,1
953,ASH-25,1980,2009,1,1,10,14,1,1,1,0.2,0.2,1
953,ASH-25E,1980,2000,1,1,10,14,1,1,1,0.2,0.2,1
953,ASH-26,1938,2009,1,0,10,14,1,1,1,0.2,0.2,1
953,ASH-26E,1938,2009,1,0,10,14,1,1,1,0.2,0.2,1
953,ASK-13,1950,2000,1,1,10,14,1,1,1,0.2,0.2,1
953,ASK-14,1960,2000,1,1,10,14,1,1,1,0.2,0.2,1
953,ASK-21,1970,2004,1,1,10,14,1,1,1,0.2,0.2,1
953,ASK-23,1970,2000,1,0,10,14,1,1,1,0.2,0.2,1
953,ASW-12,1950,2000,1,0,10,14,1,1,1,0.2,0.2,1
953,ASW-15,1960,2000,1,0,10,14,1,1,1,0.2,0.2,1
953,ASW-17,1960,2000,1,0,10,14,1,1,1,0.2,0.2,1
953,ASW-19,1960,2000,1,0,10,14,1,1,1,0.2,0.2,1
953,ASW-20,1976,2000,1,0,10,14,1,1,1,0.2,0.2,1
953,ASW-20B,1980,2000,1,0,10,14,1,1,1,0.2,0.2,1
953,ASW-20BL,1980,2000,1,0,10,14,1,1,1,0.2,0.2,1
953,ASW-22,1980,2000,1,0,10,14,1,1,1,0.2,0.2,1
953,ASW-22BE,1980,2000,1,0,10,14,1,1,1,0.2,0.2,1
953,ASW-22BL,1938,2000,1,0,10,14,1,1,1,0.2,0.2,1
953,ASW-24,1980,2000,1,0,10,14,1,1,1,0.2,0.2,1
953,ASW-24E,1980,2000,1,0,10,14,1,1,1,0.2,0.2,1
953,ASW-27,1980,2009,1,0,10,14,1,1,1,0.2,0.2,1
953,ASW-28,2000,2004,1,0,10,14,1,1,1,0.2,0.2,1
953,CONDOR 4,1950,2000,1,1,10,14,1,1,1,0.2,0.2,1
953,KA-1,1950,2000,1,0,10,14,1,1,1,0.2,0.2,1
953,KA-2,1940,1960,1,1,10,14,1,1,1,0.2,0.2,1
953,KA-2B,1940,1960,1,1,10,14,1,1,1,0.2,0.2,1
953,KA-3,1950,1980,1,0,10,14,1,1,1,0.2,0.2,1
953,KA-4,1955,2000,1,1,10,14,1,1,1,0.2,0.2,1
953,KA-6,1950,2000,1,0,10,14,1,1,1,0.2,0.2,1
953,KA-6CR,1950,2000,1,0,10,14,1,1,1,0.2,0.2,1
953,KA-6E,1950,2000,1,0,10,14,1,1,1,0.2,0.2,1
953,KA-7,1950,2000,1,1,10,14,1,1,1,0.2,0.2,1
953,KA-8,1950,2000,1,0,10,14,1,1,1,0.2,0.2,1
953,RHONBUSSARO,1933,1950,1,0,10,14,1,1,1,0.2,0.2,1
954,SCH-1,1938,2000,1,0,10,14,1,1,1,0.2,0.2,1
955,GRUNAU BABY IIB-2,1970,2009,1,0,10,14,1,1,1,0.2,0.2,1
956,HP-11,1960,2000,1,0,10,14,1,1,1,0.2,0.2,1
956,HP-12,1960,2000,1,0,10,14,1,1,1,0.2,0.2,1
956,HP-12A,1960,2000,1,0,10,14,1,1,1,0.2,0.2,1
956,HP-13,1960,2000,1,0,10,14,1,1,1,0.2,0.2,1
956,HP-14,1960,1980,1,0,10,14,1,1,1,0.2,0.2,1
956,HP-14,1960,2002,1,0,10,14,1,1,1,0.2,0.2,1
956,HP-14T,1960,2000,1,0,10,14,1,1,1,0.2,0.2,1
956,HP-15,1960,2000,1,0,10,14,1,1,1,0.2,0.2,1
956,HP-16,1960,2000,1,0,10,14,1,1,1,0.2,0.2,1
956,HP-18,1960,2000,1,0,10,14,1,1,1,0.2,0.2,1
956,HP-19,1960,2000,1,0,10,14,1,1,1,0.2,0.2,1
956,HP-8,1950,2000,1,0,10,14,1,1,1,0.2,0.2,1
956,HP-9,1960,2000,1,0,10,14,1,1,1,0.2,0.2,1
956,RS-15,1960,2000,1,0,10,14,1,1,1,0.2,0.2,1
957,ABC-TG-16,1937,1960,1,0,10,14,1,1,1,0.2,0.2,1
957,NUCLEON,1954,1980,1,0,10,14,1,1,1,0.2,0.2,1
958,MU 13D3,1936,1950,1,0,10,14,1,1,1,0.2,0.2,1
959,22-Feb,1938,1999,1,1,10,14,1,1,1,0.2,0.2,1
959,2-22E,1935,2000,1,1,10,14,1,1,1,0.2,0.2,1
959,269/300,1961,1969,1,1,10,19,1,17,1,0,0,1
959,269/300,1970,1981,1,2,10,19,1,17,1,0,0,1
959,269/300,1984,1989,1,2,10,19,1,17,1,0,0,1
959,269/300,1990,2004,1,2,10,19,1,17,1,0,0,1
959,330,1993,1999,1,3,10,19,1,22,1,0,0,1
959,333,2000,2009,1,3,10,19,1,22,1,0,0,1
959,SGM 2-37,1960,2000,1,1,10,14,1,1,1,0.2,0.2,1
959,SGS 1-21,1947,2000,1,0,10,14,1,1,1,0.2,0.2,1
959,SGS 1-23,1948,2000,1,0,10,14,1,1,1,0.2,0.2,1
959,SGS 1-23G,1948,2000,1,0,10,14,1,1,1,0.2,0.2,1
959,SGS 1-24,1940,1960,1,0,10,14,1,1,1,0.2,0.2,1
959,SGS 1-26,1953,2000,1,0,10,14,1,1,1,0.2,0.2,1
959,SGS 1-26B,1954,2000,1,0,10,14,1,1,1,0.2,0.2,1
959,SGS 1-26D,1954,2000,1,0,10,14,1,1,1,0.2,0.2,1
959,SGS 1-26E,1971,1990,1,0,10,14,1,1,1,0.2,0.2,1
959,SGS 1-29,1970,1990,1,0,10,14,1,1,1,0.2,0.2,1
959,SGS 1-34,1960,2000,1,0,10,14,1,1,1,0.2,0.2,1
959,SGS 1-35,1960,2000,1,0,10,14,1,1,1,0.2,0.2,1
959,SGS 1-36,1960,2000,1,0,10,14,1,1,1,0.2,0.2,1
959,SGS 2-12,1940,1960,1,1,10,14,1,1,1,0.2,0.2,1
959,SGS 2-25,1954,1970,1,1,10,14,1,1,1,0.2,0.2,1
959,SGS 2-32,1938,2000,1,2,10,14,1,1,1,0.2,0.2,1
959,SGS 2-33,1960,2000,1,1,10,14,1,1,1,0.2,0.2,1
959,SGS 2-8,1937,1950,1,1,10,14,1,1,1,0.2,0.2,1
959,SGU 1-19,1938,2000,1,0,10,14,1,1,1,0.2,0.2,1
959,SGU 1-20,1946,1960,1,0,10,14,1,1,1,0.2,0.2,1
959,SGU 1-7,1937,1950,1,0,10,14,1,1,1,0.2,0.2,1
959,SGU 2-22,1945,2000,1,1,10,14,1,1,1,0.2,0.2,1
959,SGU 2-22E,1945,2000,1,1,10,14,1,1,1,0.2,0.2,1
959,TG-2,1935,2000,1,1,10,14,1,1,1,0.2,0.2,1
960,M-22 SEA(SLSA),2000,2012,1,1,22,18,1,1,1,0.15,0.15,1
961,FALCO - FTRI (EXP),1960,2013,1,1,13,10,1,1,1,0.2,0.2,1
961,FALCO F 8 L - RTRI (EXP),1960,2013,1,1,13,12,1,1,1,0.35,0.35,1
962,205/208,1965,1970,1,3,10,12,1,10,1,0,0,1
962,SF 260,1964,1991,1,2,10,12,1,11,1,0.25,0.25,1
963,TWISTER (EXP),1960,2013,1,0,13,13,1,1,1,0,0,1
964,MOTORGLIDER,2000,2002,1,0,10,14,1,1,1,0.2,0.2,1
965,SKY RAIDER (EXP),1960,2013,1,1,13,11,1,1,1,0,0,1
966,SAVANNAH TRI(SLSA),1995,2012,1,1,22,10,1,2,1,0,0,1
967,SKYOTE (EXP),1960,2013,1,0,13,11,1,1,1,0,0,1
968,SKYRANGER (EXP),1960,2013,1,1,13,10,1,1,1,0,0,1
969,KITFOX TRI - (EXP),1960,2013,1,1,13,10,1,2,1,0,0,1
969,KITFOX TW (EXP),1960,2013,1,1,13,11,1,7,1,0,0,1
970,HP-14,1938,2000,1,0,10,14,1,1,1,0.2,0.2,1
970,KESTREL,1935,2000,1,0,10,14,1,1,1,0.2,0.2,1
970,KESTREL 19,1938,2000,1,0,10,14,1,1,1,0.2,0.2,1
970,KIRBY CADET,1936,1950,1,0,10,14,1,1,1,0.2,0.2,1
970,KIRBY GULL 1,1938,1950,1,0,10,14,1,1,1,0.2,0.2,1
970,KIRBY KITE,1935,1950,1,0,10,14,1,1,1,0.2,0.2,1
970,T21B,1944,1960,1,1,10,14,1,1,1,0.2,0.2,1
970,T31B,1949,1960,1,1,10,14,1,1,1,0.2,0.2,1
970,T41/43 SKYLARK,1940,1960,1,0,10,14,1,1,1,0.2,0.2,1
970,T45 SWALLOW,1957,1970,1,0,10,14,1,1,1,0.2,0.2,1
970,T49C CAPSTAN,1950,1970,1,1,10,14,1,1,1,0.2,0.2,1
970,T50 SKYLARK,1950,1970,1,0,10,14,1,1,1,0.2,0.2,1
970,T51 DART,1960,1980,1,0,10,14,1,1,1,0.2,0.2,1
970,T53,1950,2000,1,1,10,14,1,1,1,0.2,0.2,1
970,T65 VEGA,1947,2000,1,0,10,14,1,1,1,0.2,0.2,1
970,VEGA,1938,2000,1,0,10,14,1,1,1,0.2,0.2,1
971,MINI PLANE (EXP),1960,2013,1,0,13,11,1,1,1,0,0,1
972,SMITH PA18 CUB (EXP),1960,2013,1,1,13,11,1,1,1,0,0,1
973,CHARGER (EXP),1960,2013,1,0,13,19,1,1,1,0.2,0.2,1
974,RALLYE,1970,1979,1,3,10,10,1,4,1,0.15,0.15,1
974,TB10,1986,1989,1,3,10,10,1,4,1,0.15,0.15,1
974,TB10,1990,1996,1,3,10,10,1,4,1,0.15,0.15,1
974,TB10,1997,2005,1,3,10,10,1,4,1,0.15,0.15,1
974,TB20,1984,1987,1,3,10,12,1,11,1,0.15,0.15,1
974,TB20,1988,1990,1,3,10,12,1,11,1,0.15,0.15,1
974,TB20,1991,1992,1,3,10,12,1,11,1,0.15,0.15,1
974,TB20,1993,1994,1,4,10,12,1,11,1,0.15,0.15,1
974,TB20,1995,2000,1,3,10,12,1,11,1,0.15,0.15,1
974,TB20,2001,2005,1,3,10,12,1,11,1,0.15,0.15,1
974,TB200XL,1993,1999,1,3,10,10,1,5,1,0.15,0.15,1
974,TB200XL,2000,2005,1,3,10,10,1,5,1,0.15,0.15,1
974,TB21TC,1986,1989,1,4,10,12,1,11,1,0.15,0.15,1
974,TB21TC,1990,1992,1,4,10,12,1,11,1,0.15,0.15,1
974,TB21TC,1993,2000,1,4,10,12,1,11,1,0.15,0.15,1
974,TB21TC,2001,2005,1,3,10,12,1,11,1,0.15,0.15,1
974,TB9,1990,1994,1,4,10,10,1,4,1,0.15,0.15,1
974,TB9,1995,2000,1,4,10,10,1,4,1,0.15,0.15,1
974,TB9,2001,2005,1,4,10,10,1,4,1,0.15,0.15,1
975,FTRI (EXP),1960,2013,1,1,13,10,1,4,1,0,0,1
975,FTW (EXP),1960,2013,1,1,13,11,1,7,1,0,0,1
975,XENOS MOTORGLIDER (EXP),1960,2013,1,1,13,11,1,1,1,0,0,1
976,CAMEL REPLICA (EXP),1960,2013,1,0,13,11,1,1,1,1,1,1
977,HIPERBIPE (EXP),1960,2013,1,1,13,11,1,1,1,0.35,0.35,1
978,HOMEBUILT GLIDER (EXP),1960,2013,1,0,13,14,1,1,1,0,0,1
979,7W EXEC,1937,1950,1,4,10,13,1,13,1,0,0,1
980,DAL1 TUHOLER (EXP),1961,2013,1,1,13,11,1,1,1,0,0,1
981,VORTEX (EXP),1960,2013,1,0,13,19,1,1,1,0,0,1
982,LAK 17,1979,2009,1,0,10,14,1,1,1,0.2,0.2,1
982,LAK-12,1979,2000,1,0,10,14,1,1,1,0.2,0.2,1
982,RF/SF 1 SEAT GLIDER,1938,2000,1,0,10,14,1,1,1,0.2,0.2,1
982,RF4D MOTORGLIDER,1967,2002,1,0,10,14,1,1,1,0.2,0.2,1
982,RF-5B SPERBER,1938,1998,1,1,10,14,1,1,1,0.2,0.2,1
982,SFS-31 MILAN,1950,1999,1,0,10,14,1,1,1,0.2,0.2,1
983,DR107 (EXP),1960,2013,1,0,13,11,1,1,1,0.6,0.6,1
983,DR109 (EXP),1960,2013,1,1,13,11,1,1,1,0.6,0.6,1
984,S.V.4,1947,1965,1,1,10,11,1,8,1,0.35,0.35,1
985,SALTO H-101,1971,2000,1,0,10,14,1,1,1,0.2,0.2,1
986,S300 (EXP),1990,2013,1,0,13,11,1,1,1,0.6,0.6,1
986,S600 (EXP),1990,2013,1,1,13,11,1,1,1,0.6,0.6,1
986,S900 (EXP),1960,2013,1,1,13,11,1,1,1,0.6,0.6,1
987,SKYBOLT (EXP),1960,2013,1,1,13,11,1,1,1,0.35,0.35,1
988,S-10,1980,2009,1,1,10,14,1,1,1,0.2,0.2,1
988,S-6,2005,2009,1,1,10,14,1,1,1,0.2,0.2,1
989,AKRO (EXP),1960,2013,1,0,13,11,1,1,1,0.35,0.35,1
990,S51 (EXP),1960,2013,1,1,13,13,1,1,1,0.6,0.6,1
991,108,1939,1954,1,3,10,11,1,8,1,0,0,1
991,DETROITER,1928,1931,1,3,10,11,1,8,1,0.35,0.35,1
991,L-5 / 10,1940,1948,1,1,10,11,1,8,1,0,0,1
991,SM8A,1930,1935,1,3,10,11,1,8,1,0,0,1
991,SR / RELIANT,1933,1947,1,4,10,11,1,9,1,0,0,1
991,V77,1934,1949,1,4,10,11,1,9,1,0,0,1
992,PLAYBOY SA-3B (EXP),1960,2013,1,1,13,11,1,1,1,0,0,1
993,PLAYBOY - FTRI (EXP),1960,2013,1,1,13,10,1,1,1,0,0,1
994,GLASAIR I/II FTRI (EXP),1960,2013,1,1,13,10,1,1,1,0.25,0.25,1
994,GLASAIR I/II FTW (EXP),1960,2013,1,1,13,11,1,1,1,0.25,0.25,1
994,GLASAIR I/II RTRI (EXP),1960,2013,1,1,13,12,1,1,1,0.5,0.5,1
994,GLASAIR III RTRI (EXP),1960,2013,1,1,13,12,1,1,1,2,2,1
994,GLASTAR - FTRI (EXP),1960,2013,1,1,13,10,1,1,1,0,0,1
994,GLASTAR - FTW (EXP),1960,2013,1,1,13,11,1,1,1,0,0,1
994,SPORTSMAN - FTRI (EXP),1960,2013,1,3,13,10,1,1,1,0,0,1
994,SPORTSMAN - FTW (EXP),1960,2013,1,3,13,11,1,1,1,0,0,1
995,SA-500 STARLET (EXP),1995,2013,1,0,13,11,1,1,1,0,0,1
995,SA-700 (EXP),1960,2013,1,0,13,11,1,1,1,0.35,0.35,1
995,SA-750 (EXP),1960,2013,1,1,13,11,1,1,1,0.35,0.35,1
995,STARDUSTER (1PL) (EXP),1960,2013,1,0,13,11,1,1,1,0.35,0.35,1
995,STARDUSTER TOO (EXP),1960,2013,1,1,13,11,1,1,1,0.35,0.35,1
996,RALLY LSA TRI(SLSA),2000,2012,1,1,22,10,1,2,1,0,0,1
997,S-2,1950,2003,1,0,10,14,1,1,1,0.2,0.2,1
998,SU26 (EXP),1960,2013,1,0,13,11,1,1,1,0.6,0.6,1
998,SU29 (EXP),1960,2013,1,1,13,11,1,1,1,0.6,0.6,1
998,SU31 (EXP),1960,2013,1,0,13,11,1,1,1,0.6,0.6,1
999,GLIDER,1960,2000,1,1,10,14,1,1,1,0.2,0.2,1
1000,HOFFMAN HK36,0,0,1,1,10,14,1,1,1,0.2,0.2,1
1001,SWALLOW BI PLANE,1925,1940,1,1,10,11,1,8,1,0,0,1
1002,GC-1B,1945,1951,1,1,10,13,1,12,1,0,0,1
1002,GLIDER,1935,2000,1,0,10,14,1,1,1,0.2,0.2,1
1002,S-1,1990,2000,1,0,10,14,1,1,1,0.2,0.2,1
1002,T35 BUCKAROO,1945,1950,1,1,10,13,1,1,1,1,1,1
1003,SWING 06 TRI(SLSA),2000,2012,1,1,22,10,1,2,1,0,0,1
1004,52-HFC,1938,2000,1,0,10,14,1,1,1,0.2,0.2,1
1004,SZD 52-HFC,1938,2000,1,0,10,14,1,1,1,0.2,0.2,1
1005,FALCON LS TRI(SLSA),2000,2012,1,1,22,10,1,2,1,0,0,1
1006,STINGSPORT TRI(SLSA),2002,2005,1,1,22,10,1,2,1,0.25,0.25,1
1006,STINGSPORT TRI(SLSA),2006,2012,1,1,22,10,1,2,1,0.35,0.35,1
1007,CHUMMY / CUB,1928,1937,1,1,10,11,1,7,1,0,0,1
1008,15-A,1945,1960,1,3,10,11,1,7,1,0,0,1
1008,CONV GEAR MODELS,1937,1959,1,1,10,11,1,7,1,0,0,1
1008,CONV GEAR MODELS,1974,1989,1,1,10,11,1,7,1,0,0,1
1008,CONV GEAR MODELS,1990,1994,1,1,10,11,1,8,1,0,0,1
1008,F22 CONV GEAR,1991,2003,1,1,10,11,1,7,1,0,0,1
1008,F-22A TRI GEAR,1990,2003,1,1,10,10,1,4,1,-0.1,-0.1,1
1008,TAYLOR SPORT TW(SLSA),2005,2012,1,1,22,11,1,3,1,0,0,1
1008,TS1  F19,2000,2005,1,1,10,11,1,7,1,0,0,1
1009,HI-MAX (EXP),1960,2013,1,0,13,11,1,1,1,0,0,1
1010,SP-91 / 95 (EXP),1960,2013,1,0,13,11,1,1,1,0,0,1
1011,CARAT MOTORGLIDER,2000,2009,1,0,10,14,1,1,1,0.2,0.2,1
1012,BRAVO TRI(SLSA),2002,2012,1,1,22,10,1,2,1,0,0,1
1012,ECHO CLASSIC TRI(SLSA),2002,2012,1,1,22,10,1,2,1,0,0,1
1012,ECHO SUPER TRI(SLSA),2002,2012,1,1,22,10,1,2,1,0,0,1
1012,GOLF (EXP),1960,2013,1,1,13,10,1,1,1,0,0,1
1012,P2006T,2009,2012,1,3,10,12,1,14,1,0,0,1
1012,P2008 TRI(SLSA),2009,2012,1,1,22,10,1,2,1,0,0,1
1012,P92 EAGLET TRI(SLSA),2008,2012,1,1,22,10,1,2,1,0,0,1
1012,SIERRA TRI(SLSA),2000,2012,1,1,22,10,1,2,1,0,0,1
1013,TST-10M ATLAS,1980,2004,1,0,10,14,1,1,1,0.2,0.2,1
1013,TST-14M,1975,2008,1,0,10,14,1,1,1,0.2,0.2,1
1013,TST-3,1935,2000,1,0,10,14,1,1,1,0.2,0.2,1
1013,TST-8,1975,2002,1,1,10,14,1,1,1,0.2,0.2,1
1014,BULLET,1945,1955,1,3,10,11,1,8,1,0,0,1
1015,CX4 T/W,2000,2013,1,0,13,11,1,1,1,0.15,0.15,1
1015,CX4 TRI,2000,2013,1,0,13,10,1,1,1,0.15,0.15,1
1015,CX5 T/W,2000,2013,1,1,13,11,1,1,1,0.15,0.15,1
1015,CX5 TRI,2000,2013,1,1,13,10,1,1,1,0.15,0.15,1
1016,BJ-1 DYNAMITE,1950,2000,1,0,10,14,1,1,1,0.2,0.2,1
1016,BJ-1B DUSTER,1960,2000,1,0,10,14,1,1,1,0.2,0.2,1
1017,T-18 (EXP),1960,2013,1,1,13,11,1,1,1,0,0,1
1017,T-211,1960,2010,1,1,10,10,1,2,1,0,0,1
1018,AG-5,2000,2009,1,3,10,10,1,4,1,0,0,1
1019,T-51 FTW (EXP),1990,2013,1,0,13,11,1,1,1,0.25,0.25,1
1019,T-51 RTW (EXP),1990,2013,1,0,13,13,1,1,1,0.25,0.25,1
1019,TORNADO II (EXP),1990,2013,1,1,13,10,1,1,1,0,0,1
1020,SPORTSTER TRI(SLSA),2000,2012,1,1,22,10,1,2,1,0,0,1
1021,AIR,1927,1959,1,2,10,11,1,8,1,0.35,0.35,1
1022,KIS TR-4 (EXP),1960,2013,1,3,13,10,1,1,1,0,0,1
1022,KIS TRR-1 (EXP),1960,2013,1,1,13,10,1,1,1,0,0,1
1023,TAIFUN 17E,1980,1998,1,1,10,14,1,1,1,0.2,0.2,1
1024,500 / A,1960,1963,1,7,10,12,1,15,1,0,0,1
1024,500B/U,1960,1968,1,7,10,12,1,15,1,0,0,1
1024,500S,1968,1979,1,7,10,12,1,15,1,0,0,1
1024,680 FL P (PISTON),1962,1972,1,6,10,12,1,16,1,0,0,1
1025,LAMBADA 13,1996,2010,1,1,10,14,1,1,1,0.2,0.2,1
1025,SAMBA 10,1996,2003,1,1,10,14,1,1,1,0.2,0.2,1
1026,13W GLIDER,1996,2003,1,1,10,14,1,1,1,0.2,0.2,1
1027,10 (EXP),1960,2013,1,0,13,11,1,1,1,0.6,0.6,1
1028,PELICAN PL/912S (EXP),1960,2013,1,1,13,10,1,1,1,0,0,1
1028,PELICAN PL/914 (EXP),1960,2013,1,1,13,10,1,1,1,0,0,1
1028,PELICAN SPORT (EXP),1960,2013,1,1,13,10,1,1,1,0,0,1
1029,HORNET (EXP),1995,2013,1,1,13,10,1,1,1,0,0,1
1030,TAIFUN,1979,2000,1,1,13,14,1,1,1,0.4,0.4,1
1031,RV-10 (EXP),1960,2013,1,3,13,10,1,1,1,0.25,0.25,1
1031,RV-12 TRI (EXP),2005,2013,1,1,13,10,1,2,1,-0.2,-0.2,1
1031,RV-3 (EXP),1960,2013,1,0,13,11,1,1,1,-0.15,-0.15,1
1031,RV-3A (EXP),1960,2013,1,0,13,10,1,1,1,-0.2,-0.2,1
1031,RV-4 (EXP),1960,2013,1,1,13,11,1,8,1,-0.15,-0.15,1
1031,RV-6 (EXP),1960,2013,1,1,13,11,1,8,1,-0.15,-0.15,1
1031,RV-6A (EXP),1960,2013,1,1,13,10,1,4,1,-0.2,-0.2,1
1031,RV-7 (EXP),1960,2013,1,1,13,11,1,8,1,-0.15,-0.15,1
1031,RV-7A (EXP),1960,2013,1,1,13,10,1,4,1,-0.2,-0.2,1
1031,RV-8 (EXP),1960,2013,1,1,13,11,1,8,1,-0.15,-0.15,1
1031,RV-8A (EXP),1960,2013,1,1,13,10,1,4,1,-0.2,-0.2,1
1031,RV-9 (EXP),1960,2013,1,1,13,11,1,8,1,-0.15,-0.15,1
1031,RV-9A (EXP),1960,2013,1,1,13,10,1,4,1,-0.2,-0.2,1
1032,ROCKET (EXP),1960,2013,1,1,13,11,1,1,1,2,2,1
1033,KACHINA,1976,1990,1,1,10,10,1,4,1,0,0,1
1034,VELOCITY FTRI (EXP),1960,2013,1,3,13,10,1,1,1,0.35,0.35,1
1034,VELOCITY RTRI (EXP),1960,2013,1,3,13,12,1,1,1,0.35,0.35,1
1035,SAGITTA,1961,2000,1,0,10,14,1,1,1,0.2,0.2,1
1036,VP-1 (EXP),1960,2013,1,0,13,11,1,1,1,0,0,1
1036,VP-2 (EXP),1960,2013,1,1,13,11,1,1,1,0,0,1
1037,BT13/BT15,1939,1980,1,1,10,11,1,9,1,0,0,1
1037,L-13,1945,1947,1,1,10,11,1,8,1,0,0,1
1038,2-3 SEAT BIPLANE,1925,1950,1,2,10,11,1,9,1,0.3,0.3,1
1038,2-3 SEAT BIPLANE,1972,2013,1,2,10,11,1,9,1,0.3,0.3,1
1038,4-5 SEAT BIPLANE,1933,1950,1,4,10,11,1,9,1,0.3,0.3,1
1039,ACRO TRAINER (EXP),1960,2013,1,1,13,11,1,1,1,0,0,1
1039,SPORT TRAINER TW (EXP),1960,2013,1,1,13,11,1,7,1,0,0,1
1039,SUPER CUBBY TW (EXP),1960,2013,1,1,13,11,1,8,1,0,0,1
1039,WAG-A-BOND TW (EXP),1960,2013,1,1,13,11,1,7,1,0,0,1
1040,SPORTSMAN 2 plus 2 (EXP),1960,2013,1,3,13,11,1,1,1,0,0,1
1040,SPORTSMAN 2 SEATS (EXP),1960,2013,1,1,13,11,1,1,1,0,0,1
1041,REVOLUTION I (EXP),1960,2013,1,0,13,11,1,1,1,0,0,1
1041,REVOLUTION II (EXP),1960,2013,1,1,13,11,1,1,1,0,0,1
1042,EXPRESS (EXP),1960,2013,1,3,13,10,1,1,1,1,1,1
1043,GW1,1950,2000,1,0,10,14,1,1,1,0.2,0.2,1
1043,GW2,1960,2000,1,0,10,14,1,1,1,0.2,0.2,1
1043,GW3,1960,2000,1,0,10,14,1,1,1,0.2,0.2,1
1043,GW4,1960,2000,1,0,10,14,1,1,1,0.2,0.2,1
1043,GW5,1960,2000,1,0,10,14,1,1,1,0.2,0.2,1
1043,GW6,1960,2000,1,0,10,14,1,1,1,0.2,0.2,1
1043,GW7,1980,2000,1,0,10,14,1,1,1,0.2,0.2,1
1044,LIGHTNING (EXP),1960,2013,1,3,13,12,1,1,1,1,1,1
1045,SIE-3,1971,1971,1,0,10,14,1,1,1,0.2,0.2,1
1046,KRUG KW45,1938,2000,1,0,10,14,1,1,1,0.2,0.2,1
1047,SPARROWHAWK,2002,2004,1,0,10,14,1,1,1,0.2,0.2,1
1048,TAILWIND (EXP),1960,2013,1,1,13,11,1,1,1,0,0,1
1049,XA85 TRI(SLSA),2000,2012,1,1,22,10,1,2,1,0,0,1
1050,18 (EXP),1960,2013,1,1,13,10,1,1,1,0,0,1
1050,50 (EXP),1960,2013,1,0,13,11,1,1,1,0,0,1
1050,52 (EXP),1960,2013,1,1,13,12,1,1,1,0,0,1
1050,52 TW (EXP),1960,2013,1,1,13,13,1,1,1,0,0,1
1050,53 (EXP),1960,2013,1,0,13,13,1,1,1,0,0,1
1050,54 (EXP),1960,2013,1,1,13,11,1,1,1,0,0,1
1050,55 (EXP),1960,2013,1,0,13,11,1,1,1,0,0,1
1051,LASER 200,1970,2013,1,0,13,11,1,1,1,0.6,0.6,1
1051,LAZER 2300,2000,2013,1,0,13,11,1,1,1,0.6,0.6,1
1051,LAZER 300,1990,2013,1,0,13,11,1,1,1,0.6,0.6,1
1052,601 XL FTRI (EXP),1960,2013,1,1,13,10,1,4,1,0,0,1
1052,601 XL FTW (EXP),1960,2013,1,1,13,11,1,7,1,0,0,1
1052,601XLi TRI(SLSA),2005,2012,1,1,22,10,1,2,1,0,0,1
1052,CH 200 / 250 TRI (EXP),1960,2013,1,1,13,10,1,7,1,0,0,1
1052,CH 2000,1995,2004,1,1,10,10,1,4,1,0,0,1
1052,CH 250 FTW (EXP),1960,2013,1,1,13,11,1,4,1,0,0,1
1052,CH 600 / 601 FTRI (EXP),1960,2013,1,1,13,10,1,4,1,0,0,1
1052,CH 600 / 601 FTW (EXP),1960,2013,1,1,13,11,1,7,1,0,0,1
1052,CH 640 (EXP),1960,2013,1,3,13,10,1,1,1,0,0,1
1052,CH 701 (EXP),1960,2013,1,1,13,10,1,2,1,0,0,1
1052,CH 750 (EXP),2008,2013,1,1,13,10,1,4,1,0,0,1
1052,CH 801 (EXP),1960,2013,1,3,13,10,1,1,1,0,0,1
1052,ZODIAC CH650 FTRI (EXP),2005,2013,1,1,13,10,1,4,1,0,0,1
1053,EDGE (EXP),1960,2013,1,0,13,11,1,1,1,0.6,0.6,1
1053,EDGE 540 (EXP),1960,2013,1,1,13,11,1,1,1,0.6,0.6,1
1054,142,1981,1994,1,1,10,10,1,4,1,0,0,1
1054,143L,1995,2009,1,3,10,10,1,5,1,0,0,1
1054,242L,1981,2005,1,1,10,10,1,4,1,0,0,1
1054,50L / 50LS,1976,1991,1,0,10,11,1,8,1,0,0,1
1054,SAVAGE CUB (EXP),1960,2013,1,1,13,11,1,1,1,0,0,1
1054,SAVAGE TW(SLSA),2000,2012,1,1,22,11,1,3,1,0,0,1
1054,Z-226T,1956,1966,1,1,10,10,1,4,1,0,0,1
